"relative_path","bytes","sha256"
".gitignore","612","d071b36e098b66ec23a5cac669fd44145b5de147846d084be8da73b4574a7ed9"
".gitkeep","1","01ba4719c80b6fe911b091a7c05124b64eeece964e09c058ef8f9805daca546b"
"CITATION.cff","865","85b4850266589925e0817bec1c03a673f606078ef0456aab6bc86a16ab61b718"
"CODE_AVAILABILITY_CG_FINAL_DRAFT.md","1573","cf08fc8d17c1efd00782d15e92bf89c349df28a173055b36f716e7c770c43770"
"CODE_AVAILABILITY.md","986","77da0348dc1a13c2f2158b8e96122dc431d3180a65081e74a00e46b229a1e00b"
"configs/benchmark/README.md","317","1a384b4c030af7b91db2c72056886049d3fd56e4035f20d3e9bdc9cb0a0e0fe5"
"configs/experiments/123_RUN_MANIFEST.json","2509","e6c56780b0dab28a9c26c2af0ce8783e60f17c6a02e62a85b25ee1f553e23dab"
"configs/experiments/128B_PREREGISTRATION.json","1266","03156049f5e89ad75b6c887e934da6ea5a3116b577b0ac255588538a9e947e0b"
"configs/experiments/128B1_RUN_CONFIG.json","3015","5b185eac18f77e8da5c70f71a00437b8b785d61207ba165d425d90051ca9cc90"
"configs/experiments/128C_RUN_CONFIG.json","1735","756caee11e6b954d509c82a40f4ee3fba3a3326c1dff1c72063ca82c28cf78e8"
"configs/experiments/README_129_PROTOCOL.md","1155","755ad8c1d7b238029c386a12f8dc52615437b8c0d56a0ef2f1cdd903641a7018"
"configs/experiments/RUN_MANIFEST_131.json","1608","8f3c574ec8786084dd08527ca3287e2bec1f4f0f3bf65a1de83541b0f8da0d66"
"configs/external/124D_DEPLOYMENT_CONFIGS.csv","146","96bca10574f94885c6e8a895161c24ba32ce5800c469e6ce08767bfbd19610c3"
"configs/external/124D_EXTERNAL_DATASET_AND_LEAKAGE_AUDIT.csv","754","86440b2c84a745902953d703613d0db1f681881d2ede31606775101eb75111bd"
"configs/external/124D_HIROSHIMA_CONFIG_SELECTION_AUDIT.csv","742","eb45ccadbc96fc41922655b3e712dcd34dea18ad005ee7f89669929fe2acec05"
"configs/external/124D_PROTOCOL_FROZEN.json","3555","580b20bebc8ea287c4a2abc2ef5fa76094e8498c9d230d59067cbc3cfec21a92"
"configs/external/external_data_download_plan_v1.csv","4729","da383df4b65f5d784acd9b05ef8a2c94cdd042fbe5395a6d7b2ff6aac29d5a23"
"configs/external/kyushu_external_dataset_asset_manifest_v1.csv","22949","9056f4f1529b29729a259462bfa98749a22c029eed9a4051fec3c1bd19d99f98"
"configs/external/kyushu_external_dataset_data_dictionary_v1.csv","26155","c54aebb56139265e63a295b3aef4f35978c75a6db9c3fe91d1094f7b5c385995"
"configs/external/kyushu_external_dataset_joint_test_v1.json","952","41317a821ab7f7bf9772321cdaf6e4b205478c86c9602b52241de8a5ea530855"
"configs/external/kyushu_external_dataset_schema_v1.csv","11373","1bbf50553d705b1bfb192d6ff9a5eb59dfc12c6b55cf69d224f1148ecfe1e2a3"
"configs/external/kyushu_external_leakage_field_blacklist_v1.csv","600","0c12ffbc373b6999515d2cb6b64ba707a1c78677f33a7535567287f7a49269e1"
"configs/external/kyushu_external_model_feature_whitelist_v1.csv","15213","48318fa4f68057266e9ce337e4ea2f129b5a3f80c9a40fa42dec1b68eaa0db26"
"configs/external/kyushu_static_92f_provenance_v1.csv","47136","70d1c7371d2285fa386e8c4a260acdde42f47d7a8ac9536e1e8e7010e12dc6a6"
"configs/external/kyushu_static_92f_schema_crosswalk_v1.csv","52204","c84bbf726d238a1dcd4d02c728c850bd4d11410a08987155536f6f0959b555fb"
"configs/features/FEATURE_DIMENSIONS.csv","1440","a94809056671b363aba327727b6ef406717ab19bafbd17685d845d9ac04ad482"
"configs/features/RUN_MANIFEST.json","1689","454f218b8fb2ee104f526fed8dd349d02d809e8ae5a324b92d9e3c87f2e83c17"
"configs/features/VALIDATION_SELECTION.csv","14334","99db814ef5ec608a42a8b74c92ab9189a518177bf13dadf901b64e591b3b0b42"
"configs/learners/RUN_MANIFEST.json","2274","823ea547c81a40abfd64aee91d89882fa4e048a10caa61a5d5a0ba2cc694a230"
"configs/learners/TECHNICAL_EXCLUSION_LIGHTGBM.json","514","6f1fb539b477b75dee4d3dd12584eb6a2b130c9c8fb3f82bbcde32e7c860a0c8"
"configs/learners/VALIDATION_SELECTION.csv","59636","0dac438f5476dbcaf18a80bc08e44f6b2b032c1d911b77686984dac51c00ffd8"
"configs/matching/ALGORITHM1_EVENT_MATCHED_CONTROL_CONSTRUCTION.md","1337","c3a8556406d24c828d9ba1027dd1c311818e5404bb664fb3c64c21c1c31e4442"
"configs/matching/AUDIT127.json","650","7cf0506cdf3d2f94894129919306ea64bfbe4965e243451d55b91db449fb53b5"
"configs/matching/BALANCE_SUMMARY.csv","692","21a855063dddcd7342022ec35fc981450005d05fed78a0e5e750fa53653b0faf"
"configs/matching/COMMON_SUPPORT_FORMULA.md","828","b85d89d66c64f9ee3105aba6849e8f17f3d41e84eb16e7d41d2e7fb750b1b2f2"
"configs/matching/COMMON_SUPPORT_PROTOCOL.csv","1028","5bb9f8979288da807b7c49c165a95a86e497f76e18ea26bb7bd212a890d2ee57"
"configs/matching/GATE127_DECISION.json","404","8e7fc0fd3c68f2b34bbd93261162882f09de54442409d78d54086692f679a690"
"configs/matching/HIROSHIMA_FINAL_PAIR_AUDIT.json","189","72eb3eb8ad0e55e637fc04a92e3567e2a216d77f33cd0adf2c0ea404d71eb7b6"
"configs/matching/KYUSHU_FINAL_PAIR_AUDIT.json","187","28240986fbcba6380ff48ef7cc89b2db6ae57167b785ba3251c87df517ff1a57"
"configs/matching/MATCHING_DISTANCE_COMPONENTS.csv","1037","ed1df1a89eb5089f71110a42da9bce1d905dd8fe97c39f144e553b84a1c884d2"
"configs/matching/MATCHING_DISTANCE_FORMULA.md","901","7fe62fe7ae522a9e45534135aa40dae1ac93d10ae361fd831947419889de5ae7"
"configs/matching/MATCHING_FEASIBILITY_RULES.csv","2039","9882f752a5b9e3823fa5e2a561b7aded2abbc3afec32de808c2dca89c05575a4"
"configs/matching/MATCHING_NORMALIZATION_PROTOCOL.csv","31590","26a12424b2d2adc661dee01a5d06e59c9eed1ef9c39342609bca3ba9bf75d18e"
"configs/matching/MATCHING_OPTIMIZATION_PROTOCOL.md","960","5b6ac4751353d0bbf2de600ea47948d9420ed20e4ff7fca0090a856053399146"
"configs/matching/MATCHING_SOURCE_MAP.md","1621","2ee5d5750fabb30f757c2f2227f1cc1d09ed3eebeae8beb443f5f60ea92d9a66"
"configs/matching/MATCHING_TIE_AUDIT.json","612","3b7bf40c6e4173cd0761dfeeafaf80ed85538f745a8b79e0d71ac328d1ea97ad"
"configs/matching/MATCHING_VARIABLE_DICTIONARY.csv","41639","63138b192fdd679fe734d6e46f9271aa26ddd242d74980523bb50d97ec83a258"
"configs/matching/TABLE_MATCHING_PROTOCOL_FOR_MANUSCRIPT.csv","1889","f990cbe3f6968cb8bcde9310f40befe705a3a25493b45f793013c35f395dc22c"
"configs/README.md","720","f8075316e32cc29d6c007262279451da0874a1457e02747e2c351c34a573ec0f"
"DATA_AVAILABILITY.md","2155","3c272baec394a56d8737a2928e6ef80fb8c1fc67c572624b812183a167804d54"
"data/example/README.md","476","643f8845eb12c7bd40554aee80c0fbab2b9db4d1019f17d14221c2813c464cd9"
"data/example/synthetic_msrr_demo.npz","70923","53d59e670ae28de24d0d96ab9b1aef5f9006f5f70ca2edd73958c4b09ae03733"
"data/manifests/00_FINAL_DATASET_REPORT.md","3898","65fdbc1bf1cda2f6e573869e7f23a528656f4a56b4141d2f8947010f32f0b2cc"
"data/manifests/00_PREREQUISITE_AUDIT.json","4480","423673606dae180de02e463bf5832d9a21ded5b8112c9589d7a005da01b00551"
"data/manifests/01A_REPAIRED_ASSIGNMENT_SOURCE.json","210","b421f5d5208445559b61cda5392624fa993010c1fc2b845f4a055d324365c293"
"data/manifests/03C_PAIR_REBUILD_QA.json","209","ab6ea8a77d3b37cd874fd7edc3c7f0ecd6aaa9d5be5232bb7a7cec277b1d4878"
"data/manifests/04A_CANONICAL_SPLIT_QA.json","356","f65b53e23ac13e2bbf51d740e99410bae7abf6aee4cb2c1ec343ddb2edbffa19"
"data/manifests/04B_COHORT_SPLIT_QA.json","149","7babb6d4036bcac6cc95f06c9b0e9373c1503ed2dc95944db8082be38553b320"
"data/manifests/05A_CONTROL_LEGALITY_QA.json","117","2489266056a1f8ca4947cdd5e045447d18a34e152ae32bba32588ce7da2f6dce"
"data/manifests/06B_STATIC_SOURCE_CONTRACT.json","383","5b475ec7526a76851cde4a3b8a4fc5d8acc147d6aaf60984a03003af0d4b290f"
"data/manifests/06C_STATIC_92_QA.json","156","916888363ad82d5d746883c28fbae89ef0530625ff3a5d7661e3f374ee5b9afb"
"data/manifests/07C_DYNAMIC_70x10_QA.json","291","8019086deff7d920b6c08be3eb857614662612b54829c5eb309e20719331a01b"
"data/manifests/08B_PAIR_TENSOR_QA.json","105","61c14810b9e389fd9f4ffba1e48671d744bb8572222a877b0d8788e09a338de1"
"data/manifests/10_FOLD_SUMMARY.csv","246","e4cc499bf1c98011d46ec64b9db15483353f4323ba6f5b8b374beca04f1d5700"
"data/manifests/10A_FOLD_QA.json","331","0b5f82a4c313b2eb0ff3409e85c49dd294a13d04e6dba9343d9a04c56ed775ad"
"data/manifests/98_FILE_MANIFEST_SHA256.csv","3180","ef205aa41c0808eb273df68390f70cb42d8f0548699e036794848264b415e5db"
"data/manifests/98A_MANIFEST_SUMMARY.json","179","131bfafdfef72f4fcd8cc1b7fb230952b265f56a8842b24394b3720e4974536e"
"data/manifests/99_FINAL_DATASET_DECISION.json","971","1ff541b68613a0bdf55456f4803fea2fda9c95b8e0e276c94b259c7bf6536248"
"data/manifests/terrain_feature_method_registry_v1.csv","1450","aa7ee8dadd7697c8d0c26b0cf6603d8f781b4b69a19f9ab10d0875f332fe60a0"
"data/manifests/terrain_feature_schema_v1.csv","6770","5d70d56a19121b98f0a1b6641566d0d3a77a45174891f0897b5b275d313dc532"
"data/README.md","976","e8569bac68257f79e31ddb0264f35f18a3e287c2bdfbaeee14db0fdec7dc5506"
"data/schemas/06A_STATIC_92_FIELD_SCHEMA.csv","3689","210a450adbe54df3e8a4644c1e645b1e2233bc20d710f8378341158f95cb2ce2"
"data/schemas/07A_DYNAMIC_70_TIMESTAMP_REGISTRY.csv","2116","789ed240af7fbbdd6bc3025d5eb5b65136f0071705cb32b9130eeb8e013e3288"
"data/schemas/07B_DYNAMIC_10_FIELD_ORDER.csv","184","6dd919fa7b7d4011831dcd22e5646c0042e3cd85550b84acba1bc84ae3cc56e9"
"docs/BASELINE_PROVENANCE.md","1855","231878e0b7b1acc30c9b136113695d4f46276cc169bbb34bb36c138211ab09f0"
"docs/BENCHMARK_PROTOCOL.md","1487","84aceb1370a53d0aa729b56f51c737b07b46d57a5c511c28972b2a10f2d544c3"
"docs/DATA_ACQUISITION.md","2246","6be2c93e9c1a5eda747409717d5bf1df9cd5921f4611fe73325d17bb23fee0f7"
"docs/DATA_DICTIONARY.md","1501","ce3541bfc58f5f05741940cdddafcd115a6dd175b293f32129738c514b4dce24"
"docs/DATA_LAYOUT.md","1635","15de853e328b620941b5a2a3da99214581e8f5b2a819e0c280148a668ea9e4ec"
"docs/DATA_SOURCES.md","6966","2f5fc32e982db88a1da4e0f468a98dc2c8346b2daa3d29e648478a6709d57532"
"docs/EXPERIMENT_MAP.md","1802","7e1fe0392ba32f0b6b83b6618430998934e730819872bc6564f60a85a70b0dc1"
"docs/LEGACY_PROVENANCE.md","989","1214f928409a0212ad7324587faf0fb274e16ba444d53327f23413e592edc5b4"
"docs/MSRR_DEFINITION.md","1069","349893379ec788c0101ef08c49a5efbd7fc84d5971c57687ea2cba9801e5c2ba"
"docs/PAPER_RESULT_MAP.md","1964","85d57927baccc14d6dc7da5fea4ca9f6e38d8b1352f58ebe8e392cf910f3c7ea"
"docs/REPRODUCIBILITY.md","7578","d2517e988ff7454e49d1fb7b49024ea74b5c2b8e3138bb4d12e6872bfa0d88f2"
"docs/THIRD_PARTY_DATA.md","1873","9dedcd5a1eb795489c634c3108c9ffb4610adb009d552569f754aab305740e53"
"docs/USER_GUIDE.md","1807","86d7f2ac8dc477dfc26220fd41875ad939df8765eede1e1b1585289363e951bb"
"environment.yml","140","5c5b19a3b523410618b6fe5a6d8b12ec31b6a71d5dc7cdbd78f0918c7594ea92"
"examples/minimal_msrr_example.py","408","728d63d97e25c178e74a944a3dbd7c7e1396e6b5349924a58f1ea2eb4d5952bd"
"examples/README.md","571","610c11133d8781eb2109566cc48dc0276e6e85171d1f1be3249c379fcfe71d14"
"GITHUB_SETUP.md","1561","b092096f623e5380e447f5b14c66a13123a64b3a68de2ec3b9a356405c02968b"
"LICENSE","1410","6d796738d224f8f16ad3b8ede3d00bf753c4859fa8470f57380cd1f3374c7ecf"
"losses/__init__.py","0","e3b0c44298fc1c149afbf4c8996fb92427ae41e4649b934ca495991b7852b855"
"losses/sehc_v2_loss.py","6283","0911057febfe30eb841af1918be520cdc7190e1c9ea3eae1a0a64d2c8f9b2ab8"
"MANUSCRIPT_CODE_AVAILABILITY.txt","555","4eafa42ae451e1bebeafdcdbdba19bde5f56859b0af395bf8543198c7c0af9a4"
"modeling/BASE/BASE-00_contract/baseline_plain_fusion.py","1321","6e69416523d050bc0b5106566f4ba6325b8d5e8f569fd7472fcdccbf12cb054e"
"modeling/BASE/BASE-00_contract/baseline_ranknet.py","814","9ece60b48e65985e3d41263dee64ffd43726d974ea44422352062f25845a106d"
"modeling/BASE/BASE-00_contract/baseline_tuning.py","2476","ea79468c8aedba15e2bbb56678b55e39e48aefa656620f1a7d1fd0db92d6f183"
"models/__init__.py","0","e3b0c44298fc1c149afbf4c8996fb92427ae41e4649b934ca495991b7852b855"
"models/loss_sehc.py","11247","930b9e11e6e8bc1ff89c7df90fa840488daa37b733f5b279af5bd350d0362800"
"models/sehc_net_m_v1.py","10358","392ec72fc6e9f6c050eeefa41e4d4030c341aa049737e9f39d382c2bf549f342"
"models/sehc_net_m_v2.py","6448","aa625edfa2fd5864425700546385e3564fe0cad50da712c33a47f94dd67e3efb"
"optional/plotting/README.md","234","3897f86f06b7f76501360f012e3b1d3cda6dd281e7856a8c542b7bd5affc68a5"
"PUBLIC_RELEASE_AUDIT.md","3730","977a49def6fb73e1765c70d1ffa3642c9fd3ee8200aeab044e48a8f6e1701a02"
"pyproject.toml","100","10ac020c8f48f53b4f1ff0fa940af06359c72732225b693ad0d3e9a3ad5a8376"
"QUICKSTART.md","2496","a73881db66fc2dba43f8a60694f8d9bf1197b3511dd7d7b97ef1da60fa36c632"
"README.md","8784","6425c1526a075f6a43665d799bfe18f61531c245dc5e26b255d2a997ea9b03fe"
"reference_results/ablation/A0_RAW_OOF_margin.npy","121472","7e31d7496e3e0793fb3562c32c8f290e2e562a6d58a99880b837566513b84829"
"reference_results/ablation/A1_RAW_PLUS_SIGNED_OOF_margin.npy","121472","4073e2bdbc34d6194dbed1ef5136ecedae324ee946cabbc4a71fe4524ae644df"
"reference_results/ablation/A2_RAW_PLUS_ABSDEV_OOF_margin.npy","121472","6ba78ac697f46aaadff02be3301471a9048e10054f69fc2493d7c86846e662f4"
"reference_results/ablation/A3_FULL_REL_NO_SUMMARY_OOF_margin.npy","121472","c6a71023bdedf3edfd8a6c54764c75ec47fa09a39834a348a51b0c60268dcb3e"
"reference_results/ablation/A4_STATIC_REL_ONLY_OOF_margin.npy","121472","38d25d867d7b5d527ecfc3993fc1a08fad77fe69ee43e8f31c434abf686a2df7"
"reference_results/ablation/A5_RAIN_REL_ONLY_OOF_margin.npy","121472","d126ade2cde2756bcc56a7011f46c486337af588facec696a59a9600fff57d96"
"reference_results/ablation/A6_FULL_MSRR_OOF_margin.npy","121472","f90a2372746dc6bd2bb5a5c1d3eb6049c4b305663a2f66b133441b1dcda18300"
"reference_results/ablation/DELTA_VS_RAW.csv","739","98af4991754a4a945c1566ee99e0e9cbe352c92db23555f600a3be33ec50ff62"
"reference_results/ablation/FEATURE_DIMENSIONS.csv","1440","a94809056671b363aba327727b6ef406717ab19bafbd17685d845d9ac04ad482"
"reference_results/ablation/FOLD_METRICS.csv","3686","177a39a5bb97af7cc244f1cdb4d45f1f7b5aa8a6416d12c9c23991847829ebcf"
"reference_results/ablation/GATE119_DECISION.json","1989","8152fe6ecdd840859d4d2be2b27d9552807fa1def579c1b3ca729fcd88f9bde6"
"reference_results/ablation/GATE119_REPORT.md","1225","ff81fdd54f385ce462e5ed19d43f561ca2cc1792dfacdf5fc3abd1bbbed8e2e8"
"reference_results/ablation/KEY_COMPONENT_DELTAS.csv","1638","e35a72f3f160b9fef255b9b311b1620d9484ebf84cc803c617b785c827739350"
"reference_results/ablation/OOF_RESULTS.csv","734","5da56c8257dc1c576f6dc35ec0f84f329f2ff9af8756c731a0a3dfc9202bea36"
"reference_results/comparators/128B1_FINAL_SUMMARY.json","384","1f17bbb0701aed4455a42bc564b5203f990d1812dc152ee7e0652c90f226d7f1"
"reference_results/comparators/128B1_FOLD_LEVEL_METRICS.csv","2050","a4ae7a97c35e8c81426b4fb647067cac78e0a656a34ccd2242be5e2809b5cad5"
"reference_results/comparators/128B1_FORMAL_CONFIGURATION_AUDIT.json","2489","86d5a688e402b72c4eb6a8de59d24f7fd3ae6e723a4ad677af4a4cec2c819929"
"reference_results/comparators/128B1_LEAKAGE_AUDIT.csv","621","cdfead69dd02651f7bc726b727eb086167e83bceecb71e11ad863b920296bc6e"
"reference_results/comparators/128B1_OOF_STRUCTURE_AUDIT.json","484","94960002dddbc9c39b3bb6712aa3b61730a03e8ea3b34ce6408f54079dc173d8"
"reference_results/comparators/128B1_POOLED_OOF_METRICS.csv","433","31fc48dca1c505bfb00bd30dd1c341f2926cae04541d02a0e2c2d7c07c2794dd"
"reference_results/comparators/128B1_PU_PULL_TRAINING_AUDIT.csv","507","a7136ad42d049e06114f3bf058e85ee5be58cca234da565312def17e9e727dd0"
"reference_results/comparators/128B1_PUBLISHED_METHOD_COMPARISON.csv","636","575e8a09f0ec1695955ac8868b97bcecae976fbbf7b70b2088b27eb6aead06aa"
"reference_results/comparators/128B1_RUN_CONFIG.json","3015","5b185eac18f77e8da5c70f71a00437b8b785d61207ba165d425d90051ca9cc90"
"reference_results/comparators/128B1_SPY_RN_AUDIT.csv","360","1d7851eb42738a810778135f9ba60b828ad6c2239a0bb9274006cf851d4ed991"
"reference_results/comparators/128C_BOOTSTRAP_REPLICATE_DELTAS.parquet","770329","8d7d71be599d7b3992842bc399ab32527610107139fa977ffb500258a8ff6a2d"
"reference_results/comparators/128C_GATE_SUMMARY.json","176","4c411aed1b9c802a316ce34aca0877d27f9f913fe3d5f2adaaa1b2be4b271d74"
"reference_results/comparators/128C_INPUT_ALIGNMENT_AUDIT.json","3483","27be5a5525ea8bbb1b1dfd4b8a4ce257b27a9edb66498ff21b45607c5e3341f0"
"reference_results/comparators/128C_PAIRED_BOOTSTRAP_RESULTS.csv","2525","9ecc3f3dbb5263a0ee2e82528c4bf41c5e82f4b1db8fdfa52629d425a87fa0db"
"reference_results/comparators/128C_POOLED_METRIC_REPRODUCTION.csv","1150","59ebe2e087b9aef19ac5c6f035593fad85a4c54be89616eb5bb269ef1a6fbd52"
"reference_results/comparators/128C_RUN_CONFIG.json","1735","756caee11e6b954d509c82a40f4ee3fba3a3326c1dff1c72063ca82c28cf78e8"
"reference_results/comparators/AUDIT126B.json","2529","9cacd72310be20afe4d5ff891fafdb8ccda69efbeb4f995ac82e6c3cf73dcfc6"
"reference_results/comparators/AUDIT131.json","909","8264368b66d8dd64f34f600148a27db89a38a18a694a237a46a0642c2898e191"
"reference_results/comparators/BOOTSTRAP_KEY_COMPARISONS.csv","4397","80f3a09b4d267636764936edcabc6549628ab4248c50aea770a5230963d1eae2"
"reference_results/comparators/FOLD_METRICS.csv","2575","e3be4cd5c35affd06e545eb0174f9155f684ae361d71995465f9b89e6521a2b6"
"reference_results/comparators/GATE126B_DECISION.json","539","238891c621f9a3b841771c6e5acad9a5badb68fa87f4be30f234d418387476dc"
"reference_results/comparators/GATE126B_REPORT.md","8466","0cacfd8e38d6a9cea51b9ff0c0df90dec6ca5769cf929944bb932a3e65bc4666"
"reference_results/comparators/GATE131_DECISION.json","124","18498e70ec0023ce0d92ea8bde52170176ad236c1337a6022f0c9824aa5b0a63"
"reference_results/comparators/KEY_COMPARISONS.csv","1001","3f49231e2d1e1b1a75ae7b7adf20a053d74272fa2c6ce370d056f41ff4e72485"
"reference_results/comparators/MSRR_POINTWISE_XGB_OOF_score.npy","121472","1d01d15f27bb6c4afd3762137e7dd12c98ef18e2d475cf8952c2f68ae48c960c"
"reference_results/comparators/MSRR_RANKPAIR_XGB_OOF_score.npy","121472","2bfa3344dfb42e712e3b602becd952f180ec04bb38b8b40c101a7e82cb08cbd4"
"reference_results/comparators/OOF_RESULTS.csv","507","dea030fa2b5ae2a07351fd3750da74d79f2897fb129b05f29e686cd56eb5b7c7"
"reference_results/comparators/PAIRDIFF_FEATURE_IDENTITY_AUDIT.csv","1467","cc2646d86ca41b0239e8c55c12b18f7a4b324662e398b907fa100789b7360334"
"reference_results/comparators/PAIRDIFF_FOLD_LEAKAGE_AUDIT.csv","116","fe06ae674ae8c25a496872d4c580d7871e81faa500118a122f1ba27bcf72d4f8"
"reference_results/comparators/PAIRDIFF_PROTOCOL_RECOVERY.json","1608","7a73e79db67dd004869476ce45bf5a7a99824da4fa1befc6500c1310b7556fa5"
"reference_results/comparators/PAIRDIFF_XGB_BOOTSTRAP_DRAWS.npy","1280128","db79da1a8c9c6e7c4373c1207ce5290421d199a9379b913c44f2f9e55746610e"
"reference_results/comparators/PAIRDIFF_XGB_CONFIG_AUDIT.csv","1873","263a649473fcd0a9b3e4948d40a9c3a681903d5e8b0f3268607e9dc9cf22a0c6"
"reference_results/comparators/PAIRDIFF_XGB_MAIN_RESULTS.csv","1254","535bb655a132a3cb03eef598e0f30d1ad87e4e9c0fe62afc4687a3de0f53e01c"
"reference_results/comparators/PAIRDIFF_XGB_OOF_score.npy","121472","e33c0aa77bcb6957ac18e78c4291fe35b8af5e42b7b9c20e6f381af5478bec50"
"reference_results/comparators/PAIRDIFF_XGB_PAIRED_CONTRASTS.csv","2002","3d05196eac054ab0b3910c4a5674d46898c85872d059f51227261807c1273a7f"
"reference_results/comparators/RAW_PAIRDIFF_LOGIT_OOF_score.npy","121472","573c88705f898eeee328ce9f29963ed76924a645b7ed1f238211dd60d9948c0d"
"reference_results/comparators/RAW_POINTWISE_XGB_OOF_score.npy","121472","9f8937f2983376c97fa76e9e50cb346e0d8f948ae77bcf6756415278670d1e09"
"reference_results/comparators/RAW_RANKPAIR_XGB_OOF_score.npy","121472","07806e656a0881a75951928a42d5dd663a1ec166bf77396b0da91ae8e2727376"
"reference_results/comparators/REPRESENTATION_OBJECTIVE_MATRIX.csv","633","e3408c95361b52333f8a876e0f2e2f5a5a9161add0afbac5b6eed366e4ec1d2b"
"reference_results/comparators/TABLE_SX_PAIRDIFF_SAME_BACKBONE.csv","2269","c14343678b94fe75f28e7fd4f3792d28e26fd09ba2d7440cc74e6544554d7672"
"reference_results/domain_shift/126_CATEGORY_SHIFT.csv","1005","338a51721dc2dcf282846db42c8d2919828f631bb9c86224e32022b8001c8a77"
"reference_results/domain_shift/126_DOMAIN_SHIFT_REPORT.md","1568","7fdc35f1b5132e5649ed1b2104b74401069036b3bac9316e767e66494523e325"
"reference_results/domain_shift/126_DOMAIN_SHIFT_SUMMARY.json","13148","d2a2d4e6dce51d69a366f43d4690b2bd9b2f41984c8203a30e5942e9560c202b"
"reference_results/domain_shift/126_MATCHED_CONTEXT_RAIN_GEOMETRY_SHIFT_ALL.csv","7065","e5b707aca6c1fbe64a047d4c7a98867a82d1953c3a9d2504b7244a2de2c71bf9"
"reference_results/domain_shift/126_MATCHED_CONTEXT_STATIC_GEOMETRY_SHIFT.csv","32138","a7de6414ec398f06f6b4bdfe5a8e0f5344413a239fd9d60cb095ec0088d403ea"
"reference_results/domain_shift/126_RAINFALL_PROCESS_SUMMARY_SHIFT.csv","22880","8ca5e0288f461f941f057be759bda088720f7a67f2681af1b2b90c19772737e3"
"reference_results/domain_shift/126_RAINFALL_TEMPORAL_PROFILE_SUMMARY.csv","968","e33c303c5a8427e66a0e452ae0ee5a2af72bfef3a3113a3d6fa9ea0ac6237c22"
"reference_results/domain_shift/126_RELATIVE_SIGNAL_PRESERVATION_BY_FEATURE.csv","8339","40b7e2d405a533df67b7a1d0daa3961a87ea656fb33655a65bebe731fd0dbaca"
"reference_results/domain_shift/126_STATIC_MODEL_INPUT_SHIFT.csv","30915","4a53db6234cd4d63e15665ab74d3bfba107e40be2737b6e142e26c85ec454e66"
"reference_results/hiroshima/121_BOOTSTRAP_ALL_REPLICATES.parquet","3268594","362fd6be65abc9a7b22825e5274001453c79d4bf96161d9c7646d12a252d9992"
"reference_results/hiroshima/121_BOOTSTRAP_SUMMARY.csv","3447","2156c22e83b222af9e3769072d7f690c26bcc96c656be182fb5415df97b957ee"
"reference_results/hiroshima/121_OOF_RECOVERY_AUDIT.csv","2559","82322456e797cbecdc7aeff5f30c53a5b492efa8e4e05934b55972f9a28b6d0a"
"reference_results/hiroshima/121_RESULT.json","9233","590b19b50679f37d757a1452208a1d2930d54b2c9751c9ae5fefc49d91763752"
"reference_results/hiroshima/121_ROW_LEVEL_OOF_COUNTS.csv","225","0ca8364c016db5c10329ddd3bf963ea94c0abf29ec9171b5a3e6a2b91527bd6d"
"reference_results/hiroshima/BACKBONE_SUPPORT_SUMMARY.csv","531","3b4ea286351751d669ff795828a7815b25502970497cde6ccb23fe17d32e061e"
"reference_results/hiroshima/DETERMINISM_AUDIT.csv","338","4cad2278a4248c4d73259d8d4ad4ce8386ac50ee7abf62e08ae17964934196c1"
"reference_results/hiroshima/ElasticNet_Logistic_MSRR_OOF_margin.npy","121472","2cd4df33952468eccfc6282309daf459640b45f55765d60564397272f9c15e8a"
"reference_results/hiroshima/ElasticNet_Logistic_RAW_OOF_margin.npy","121472","61c9230598050d07c5f50b32b8f8c6cb8799275dcdc0d7d6b0df4eb0e687ca64"
"reference_results/hiroshima/EXACT_REPLAY_COMPARISON.csv","828","9ca40009b6851318fcf8dc0e7b284e4c3b3d00e7d45c4552039219e17feca99a"
"reference_results/hiroshima/FOLD_METRICS.csv","4305","66a2728aad95123d98a5f11eabdbfe3a5285033637bafad60b7822e6841442fa"
"reference_results/hiroshima/FOLD_REPLAY_AUDIT.csv","250","1cbbcac5da354c4cad51fcdcee02b69f3b3efb52fb9bac7e1c5fc1c462747d78"
"reference_results/hiroshima/GATE120B_DECISION.json","2504","96dd7ea06b6161729c62c12cf29411ba8250ac3887aeb29a64fa58f9d5dd9e42"
"reference_results/hiroshima/GATE120B_REPORT.md","2868","ecf8a476a98c9e29a643bce2f2c008a4fc46f18a88ce698a70e857c965048f09"
"reference_results/hiroshima/GATE130_DECISION.json","185","6123b70abb91c1119758912c71c7bf9b1b260bc4b1f36dfa2831f14ba7cd9361"
"reference_results/hiroshima/HIROSHIMA_REPLAY_MATCHED_SETS.csv","1217794","29481f190ea28bbca2479c7e08f54767f44d785bb0a10fbd18355f3b0b70518a"
"reference_results/hiroshima/HistGradientBoosting_MSRR_OOF_margin.npy","121472","cff6b9c445533ff4cfd2b965104f563b2cef7baebba81d74e69a263b27b75f3c"
"reference_results/hiroshima/HistGradientBoosting_RAW_OOF_margin.npy","121472","bae502907fe0210fc1886535d459248899275cffa1b98890fed46a6fc0d9c258"
"reference_results/hiroshima/KYUSHU_REPLAY_MATCHED_SETS.csv","377212","045181680e65b9a9ea57efd0c54eab835f5b74cc3a05fbf551a2c847c5942dd9"
"reference_results/hiroshima/MLP_MSRR_OOF_margin.npy","121472","293bc1f3f9fc6b38aa5f0d74bd68de62498204c680435570d26f3b87bd1c7d10"
"reference_results/hiroshima/MLP_RAW_OOF_margin.npy","121472","1b98de4b1ec06ba0bcb2975b353cd93396251d2db57db45656e4bf72cdcb31f8"
"reference_results/hiroshima/OOF_RESULTS.csv","809","23f0c4a6bedfffaa7b9abac9d91e138314c85e4931cda584db3d98444ec9b5b8"
"reference_results/hiroshima/RAW_VS_MSRR_DELTAS.csv","636","2ce1bc4df271fc94a6f7ee09e397a7bbdb3302830cbe25516bc83928931900dd"
"reference_results/hiroshima/REVIEWER_REPRODUCIBILITY_CERTIFICATE.md","585","e739c4d09494670e30a4c9e8a24e388a7e2113d413ca8dbab7abbb3885cd3afb"
"reference_results/hiroshima/TABLE_SX_BENCHMARK_REPLAY_AUDIT.csv","964","f0eb4229660574432bc80054044afc226cf2189426d07910566fc9a4614082f9"
"reference_results/hiroshima/XGBoost_MSRR_OOF_margin.npy","121472","f90a2372746dc6bd2bb5a5c1d3eb6049c4b305663a2f66b133441b1dcda18300"
"reference_results/hiroshima/XGBoost_RAW_OOF_margin.npy","121472","cb1c8d2c5890382a1d7ef5422763a11354fbab1ba5fa374f8c6aeb8ae1491c26"
"reference_results/kyushu/124D_EXTERNAL_BOOTSTRAP_SUMMARY.csv","875","f0698418438135aded4494f88fdc9acff8dc03f450d83352cff590e29eede30d"
"reference_results/kyushu/124D_EXTERNAL_METRICS.csv","233","6828467ee9867ab5e2fc106dd79e166616d98937d38fa385df37b8e3d16c9f3d"
"reference_results/kyushu/124D_EXTERNAL_RAW_VS_MSRR.csv","174","e3e925faba0debee04325b1b04256ac81948a69383d2dfa0f0f9a1fcf2d83bcf"
"reference_results/kyushu/124D_GATE_DECISION.json","816","609521bee7ac99eb60256ada969f362480c17abe6518af78f4fca55fcc7140dd"
"reference_results/kyushu/124D_PREDICTION_FREEZE.json","371","2b29a76b2a61cfbe743be40b79b50f214521ceb6bec18035ea2b84cd2aedb2b0"
"reference_results/kyushu/125_EXTERNAL_BACKBONE_SUPPORT_SUMMARY.csv","329","ff408b45700524c082010f550b21fc193f9cb7d6e7f7710a38be51511ce9c0a7"
"reference_results/kyushu/125_EXTERNAL_BOOTSTRAP_SUMMARY_FULL_PANEL.csv","3229","b35b443c3161d9c3b2e2626733c2b69d89c73c19e3d79d8ea4e0a1965dfc43f7"
"reference_results/kyushu/125_EXTERNAL_METRICS_FULL_PANEL.csv","815","853a8258b0b5d692c1ad143b0bd183e7ed2be9c781cd36d4b25bf65cd3e50264"
"reference_results/kyushu/125_EXTERNAL_MSRR_MINUS_RAW_FULL_PANEL.csv","515","d738cc8ad20c1de8e5916667aa0e84644c5b4e7a287cf35db8ef456f98d8b07d"
"reference_results/kyushu/125_GATE_DECISION.json","1553","f2b78866b32ef395b117072c65f65ab93f8a206509e5a521ebf15e25e009921e"
"reference_results/kyushu/125_PREDICTION_FREEZE.json","1107","e4df143046f22e3298e78fdfd5f605338bd5e689bf8e5fe93b01d1e30c483285"
"reference_results/placebo/123_FOLD_METRICS.csv","2309","a3f91df1b4a2ffa76ac2f9e3a1c1ef396eb5dceb48a623a22512809ec7698d98"
"reference_results/placebo/123_OOF_METRICS.csv","423","844ccf909b1dbc9e6de9ae20f83e6fd08099bdf82f14c7916e87d08c1408d785"
"reference_results/placebo/123_REPRESENTATION_AUDIT.csv","971","66ba660acb81bdbcbecab4a339bbe994b8acb65f819487a7c6c5ba27e5bb65c7"
"reference_results/placebo/123_RESULT.json","1232","fe09c53a77f3a7a9412352361486b4d49c8ca67ad8db6f75afa45f8049678613"
"reference_results/placebo/123_TRUE_VS_PLACEBO_COMPARISONS.csv","867","cf82de2feed18c45603ab0b6874e2236cf50bf113d1aed1f087db858ae082802"
"reference_results/placebo/GLOBAL_CENTERED_OOF_margin.npy","121472","aa1dc89545eaa13678ada7d8e9beb729d98994f90c54f797624f987632b9f201"
"reference_results/placebo/RAW_OOF_margin.npy","121472","cb1c8d2c5890382a1d7ef5422763a11354fbab1ba5fa374f8c6aeb8ae1491c26"
"reference_results/placebo/SHUFFLED_CONTEXT_OOF_margin.npy","121472","550476ee8085942e0c6cd1ca5cc876940c4b597f1598991cb5612302d62ec87c"
"reference_results/placebo/TRUE_MSRR_OOF_margin.npy","121472","f90a2372746dc6bd2bb5a5c1d3eb6049c4b305663a2f66b133441b1dcda18300"
"reference_results/robustness/128B_PREREGISTRATION.json","1266","03156049f5e89ad75b6c887e934da6ea5a3116b577b0ac255588538a9e947e0b"
"reference_results/robustness/128B_PREREGISTRATION.md","1274","f7390c77dfb31c349d35c933ee7c0d6700bd03feca58b9ba4b02f426a923e839"
"reference_results/robustness/128C_FROZEN_OPTIMIZATION_CONTRACT.md","1043","ef811ac65453c4267bcfde6c549a3fc02fe302c333cb784adbeeaf4588f3b038"
"reference_results/robustness/128C_PREREGISTRATION.json","1460","dc3f179190b84fd31bdf97955596e513eb1ecd180c2a51f0799bb2866d0ab8aa"
"reference_results/robustness/ARM_A_HIROSHIMA_BOOTSTRAP.csv","602","f1e61fd8fbc5ed1b7774709849ae7baeaff2633f3781d50cb70227a1067c8237"
"reference_results/robustness/ARM_A_HIROSHIMA_RESULTS.csv","223","ab63299fe2b64e3570817273a5377c24333a82d905215bf19764fb6e56051d3b"
"reference_results/robustness/ARM_A_KYUSHU_BOOTSTRAP.csv","613","26b1d3895ad09cfa1760b4ec98e52ddcbfd7e4c77e0715b923cbbd5b51486779"
"reference_results/robustness/ARM_A_KYUSHU_EXTERNAL_RESULTS.csv","223","4970b62a1ebe9da21adf713a3529783d1a828fa608b17df82dcf3d1cecd2f7b0"
"reference_results/robustness/ARM_A_VS_ARM_B_COMMONDEM_COMPARISON.csv","1279","5c0652f344990d4314c2cb242ad314a9e5f84ec694bfa43fe6d8516d66206fd4"
"reference_results/robustness/ARM_A_VS_ARM_B_COMPARISON.csv","1171","2c49eef5b737e505670181dc3e3a846443958b557c478f7fa043c535261bfee1"
"reference_results/robustness/ARM_B_HIROSHIMA_BOOTSTRAP.csv","593","d5760d0fa872626a39747ea0c8b3c3513244a96a633ad4cbe8db5782630c3605"
"reference_results/robustness/ARM_B_HIROSHIMA_RESULTS.csv","239","6bc9f6f1cce004900014f18c794e256b8b320dc2bc63f00450b468c1cadf6bf7"
"reference_results/robustness/ARM_B_KYUSHU_BOOTSTRAP.csv","610","5406f65af52be651b9de6d3d016d534949c5e7e0f9bba1572961c27a63e13b78"
"reference_results/robustness/ARM_B_KYUSHU_RESULTS.csv","240","6c8d98f80bb1b2bfeb270c7eda5d4f7bd5f1e8f2255374f547f50ed9c3a893e7"
"reference_results/robustness/AUDIT128C.json","2094","1761bc28d3fddff49b41ece24cb4e2bde9860d1cb0fc2ea6c004e9e825b49062"
"reference_results/robustness/AUDIT129.json","3219","694cf80fa82ca836933b046ca9dce4a368a78165eb9323f5a3463893027e92c2"
"reference_results/robustness/AUDIT129B.json","1347","9ce2c8d5dd97aa23ba70ce92e97f79f63845046ea45ef937fc933a3636a3b71d"
"reference_results/robustness/COMMONDEM_SHIFT_DECOMPOSITION.csv","2725","d5888460c8e8cc998980d4edfa2fd7c65aa360503a237730dcedd4b7abd3da02"
"reference_results/robustness/DEM_PROVENANCE_INVENTORY.csv","3469","b69c833ee942b9f3258f2abd5e1f26d6893d844b3eedaeea1bc5b88210795bba"
"reference_results/robustness/GATE128C_DECISION.json","131","fd4ba9d3831bf1d9c570e6c24b9646384781c3f706f31ffe241faff42448725b"
"reference_results/robustness/GATE129_DECISION.json","262","d356a0bde82a16a0ae87a607773ebcaeffb1cf78da812c3d072b29852b0c8977"
"reference_results/robustness/GATE129B_DECISION.json","131","48b43636cf0c37162414238e17233e94753daa554210e5d8ac2123260d55f55b"
"reference_results/robustness/HIROSHIMA_DEM_PRODUCT_SHIFT_BY_VARIABLE.csv","12846","32dc715dc96e2f4aabd930de804a66375f6d782e35cb53a2bb383d69515687da"
"reference_results/robustness/ORIGINAL_VS_COMMONDEM_CROSS_EVENT_SHIFT.csv","7160","f36c1469256bf32a329e2c866521bb2e5176b21b50223574ffa22b2100c3866a"
"reference_results/robustness/TERRAIN_MATCHING_DEPENDENCY.csv","3997","b7c92db975b52441df314004d2c14451657b1e4c258d7f7f1a4a519eab87cd32"
"reference_results/robustness/TERRAIN_PREDICTOR_SCHEMA.csv","6334","0ec7deec6abe5a1a58f967b37c774cfce3466d0c58129e5e705367ab509122e7"
"reference_results/spatial/127_EVENT_XGB_SPATIAL_SUMMARY.csv","623","391ec10d01b5bf93e5f1cf7bda744e1e3c997b0c6a53fbaf1e3a5208f5aef38c"
"reference_results/spatial/127_PAPER_SPATIAL_RESULT_SUMMARY.csv","855","fc9933125d4b33fd841fec541f62fc2547b5385fc16a974536c6da5c09ec712a"
"reference_results/spatial/127_SPATIAL_BLOCK_AUDIT.csv","8656","df16108c2ddfe18c88c82e70541869e6e6e30163d20dee5157906be7e24eaf15"
"reference_results/spatial/127_SPATIAL_SUMMARY.json","7760","d1ff2879c5d95b16821f46176d3f603df404d84df927202d84554d1e2f39d3ef"
"reference_results/spatial/127_STRICTPAIR_REPRODUCTION_AUDIT.csv","1223","4d41a409c634d9a791bca8641b8076e6b366a570c686eb0b3baa54ab435c42ae"
"RELEASE_NOTES_v1.0.0.md","1211","128178847d03cf49640b7d9fc8980546ec57960bfe9cf32f49bbb8741a55c3a5"
"REPOSITORY_RELEASE_CHECKLIST.md","4708","faf1687275c64e06cfe5609004b942b2f7b2028ccc466be7f37c736195df978f"
"REPRODUCIBILITY.md","2192","68fedede5ccc6b1a0f1ec33da3e174678db134956edd97a4b12f75a990e09218"
"requirements.txt","311","7395652c8864d4ee65faa51f3e1fd229afc6a3af9b6aa06a564e65cdd5041508"
"RESULT_MANIFEST.csv","3014","fee73342c97331d25dab58dccacee1272931447d641af7947dae16c56c8946ab"
"scripts/__init__.py","33","6b3ca07563f59ac62e6b66bd29ae8d89472a3a3dbe5b1faa8dc88600d9c3cf66"
"scripts/00_check_environment.py","2139","528c453f01294bf43a0407c8092e0495cbbdf384b3b536bb85264d0f4b2afca2"
"scripts/01_verify_inputs.py","2197","2a83833e26407c931edd00b9705b17da1cc7287c5f5197e91bf3d95e775d84f3"
"scripts/119_RUN_MSRR_REPRESENTATION_ABLATION_5FOLD_ONE_SHOT.py","21109","f9c7befff3ffdf2376c7f02b2d163930e5526c60c311d1e4a83d15f913da1e25"
"scripts/12_HC_BUG02C_LOCKED_P0_REPLACEMENT_AUDIT.py","55181","c058a7a70efcdbad5bce843eff87c9ae61bb629f35a0f9218e1d0fb1ebfef0d8"
"scripts/120B_RUN_MSRR_CROSS_BACKBONE_5FOLD_NO_LIGHTGBM_ONE_SHOT.py","51232","5cd934da4e298c67177c5b8d2d62824a7f0152baace24161dfca5bb33affd550"
"scripts/121_RECOVER_OOF_AND_PAIRED_BOOTSTRAP.py","30395","a66caf6de57b53a4d69c40eab63e638b32ff78ae0a92750cd998f86ed92d4f50"
"scripts/123_RUN_MATCHED_CONTEXT_PLACEBO_XGB.py","48958","3329808477a1a91366797ce1becf7dc461a22bf71eb3504308fa4838007f1800"
"scripts/124D_RUN_KYUSHU2017_FROZEN_EXTERNAL_VALIDATION.py","63804","a2c9d40572e158da939b93697d4519a823b21abba6c55bc414ada5595a97e97d"
"scripts/125_RUN_KYUSHU2017_FULL_CROSS_BACKBONE_EXTERNAL.py","61107","14cce61930c432f07d6c14a18e290c9ab4bc0a936505dc455338ac0b067b8cce"
"scripts/126_RUN_HIROSHIMA_KYUSHU_DOMAIN_SHIFT_CHARACTERIZATION.py","50498","ba73d15564e7efb06f91cc7c0f84542cf3016b6290f09a8be973b2cebf711028"
"scripts/126_RUN_TASK_ALIGNED_BASELINES_5FOLD_ONE_SHOT.py","23182","5a02b6836f00cfbebe03d79a0fe1079aada3f77cc089fd93a8b4bdf95e17c834"
"scripts/126B_RUN_TASK_ALIGNED_BASELINES_SINGLE_THREAD_ONE_SHOT.py","22519","5899721432dad4755ccdcc8d085baefd31e3d71a7c6a69b3a410fb356029a37a"
"scripts/126C_AUDIT_PAIRDIFF_CONVERGENCE_SENSITIVITY.py","16930","90c47781244ff62a5672671c0a1d8a6e683753846ed60b7a1ff0f382158c17f0"
"scripts/127_AUDIT_MATCHING_PROTOCOL_REPRODUCIBILITY.py","51657","31c1844a211e8991ac6193fa8ff9df3e65baba7c8ddf049fa950b8d342c86f69"
"scripts/127B_RUN_MSRR_SPATIAL_MATCHED_MARGIN_ANALYSIS_AUTO_GEOMETRY.py","69450","7b9faf116ffb82c3a713b579ab2b1c6aca2604cba024b7a66acec6092f281666"
"scripts/128_AUDIT_RAINFALL_TEMPORAL_PROTOCOL.py","41784","0ade53424b6eb2ae197b008576c6c49fce776f554f4da103cc115029cbfaef3b"
"scripts/128B_RUN_CONSERVATIVE_PRETRIGGER_SENSITIVITY.py","28295","33fdd2d9a6913187369f6a0dd3015c1c80cb491b68c6f28caee24841da6e194f"
"scripts/128B0_BUILD_BASELINE_ADAPTERS_AND_SMOKE_TEST.py","15804","9cdd32d179ba63387a6acd209567e080e62c5c220d160ebc6a4c6e7d77e8c5dc"
"scripts/128B1_RUN_PUBLISHED_ALGORITHM_COMPARISON_5FOLD.py","26382","029016a300607a61ac48ea55500496addca70d99b119cc41f76b1c9acd9ffcde"
"scripts/128C_RUN_PUBLISHED_METHOD_PAIRED_BOOTSTRAP.py","21567","3919b545f88f467489805e47b734a1871bf4550072a32b292fc1ebaf16d86ffa"
"scripts/128C_RUN_SCALABLE_EXACT_PRETRIGGER_REMATCHING.py","50229","bbe98dc4502ce9c860bb724f20b9d2b7f4f08b52f448e52d1d4b406c36154a6b"
"scripts/129_RUN_COMMON_DEM_SENSITIVITY.py","57471","bfe9050cf210ffcd43407b906612d1badb2a5a8cf4b7489957db4cb8ed678781"
"scripts/129B_RUN_FULL_COMMONDEM_EXACT_REMATCHING.py","51326","efe69456adda19433e08e7bdd8f75649157c1f2def43d4b70db217fb35e4eb79"
"scripts/13_HC_BUG02D_AUGMENTING_PATH_AUDIT.py","61501","ea6d29f9b9e01a616127cabdd0dacb90ceacb2735b4e20d4e9745829cf9ce350"
"scripts/130_AUDIT_ORIGINAL_BENCHMARK_EXACT_REPLAY.py","45704","db73b8164f60af49e9ac0a1931af1c0c7def4088033cc6d2fc74fa3d6bdcc782"
"scripts/131_RUN_PAIRDIFF_XGB_FAIRNESS.py","27604","bc8da12d461f35f73657c41f4a13f6c72085ca94aa50d60b5319c23a9a9ccbf5"
"scripts/14B_HC_BUG03_CONTROLLED_REBUILD_V1_1.py","58970","1c0f53d56538a3fa6abb16e9771283f4d6fd7a96a899f5b8e7acddb1b4bc5be7"
"scripts/15_verify_reference_results.py","3148","5ee6a23861e5364485aa28d427a190f7aba0c25230618d6402ec9147d422f5c1"
"scripts/16A_HC_BUG03S_SPATIAL_GROUP_RECOVERY_AND_REMATCH.py","84626","53e132ab5ed97a8ca47bfb5ca17c85c9c7125e1e009844b39ac7067625f79b18"
"scripts/20A_RUN_TABULAR_BASELINES_REPAIRED_V2.py","34439","358d90ba238957f343dd1d5a1a051709135321e667ac6592bde15b27f590dd6c"
"scripts/23D_RUN_NEURAL_BASELINES_REPAIRED_V2.py","41329","1d9cf44d450e5544880d515d67c1a69eaa4f74dd99574030d2a8af27973ec9b7"
"scripts/24_RUN_BASE06_REPAIRED_V2.py","5450","c58b5b77fb5fddf138dd6f482bc9982eb3649d0c9e50d0492ab662e47a7fce72"
"scripts/26_RUN_SEHC_NET_M_V1_FORMAL.py","35474","c86a713acca2cf31ef4f1e4a2a816913ede9dda9332f31b30f396235d66ea41a"
"scripts/build_audit_terrain_features_250m_v1.py","39861","634084c143cefd8a50b636afc8639270fdfa2ca9ac73819400bb5d2bf814cddc"
"scripts/build_hard_control_candidate_eligibility_pool.py","40264","64fb8dd0cd0417c540c2af108e790afe2a83d832cbad23f1ee7738644578c138"
"scripts/demo_msrr.py","3349","a8bbfeff8392ba9e01fd13218c4a78981d703a53aa4d3cee735c1b061b5fca9d"
"scripts/external/kyushu2017/33_build_dem_terrain_01_v1.py","21931","0f7731837072a0e59aa031b69c398bb390cac3b0e23985248ea07c78073ff30d"
"scripts/freeze_hard_control_candidate_eligibility_pool.py","38270","e70711412236c74f3e83c6699deba4ab74621d911bc1123967a0c8d65c628aca"
"scripts/freeze_positive_evidence_grid_registry.py","43054","cee135292a1baf35ed1f27880197a1907ae13866bbbbdbf9dfba5a0c99ec0b63"
"scripts/kyushu_dataset_freeze_01.py","29601","4ea86e0898c6e6020fdc0d84446bf4c1723d5bc9ec3b479258e768fef4ad7d09"
"scripts/kyushu_match_01.py","32072","376b19ab836f7320a398030b09c24146e455898edd36018b13e5c0310378c6e5"
"scripts/matched_context_transformer_v1.py","2568","f4808740d1705dbb20b954cc241b131ad07f0e5df1135f3de170a3bb12296261"
"scripts/msrr128_baselines/__init__.py","363","c76a4468a637cd82fa28f9f1adba3101e93cdc21ae36bfde1b8ce939f1cab600"
"scripts/msrr128_baselines/base.py","1663","8aab110dc96501c39637fb8448321f2e49e8b35eae2bf2fc4ae141b014f870a1"
"scripts/msrr128_baselines/data_contract.py","4603","177cd55609e1c19e3335718c3ea76e044622eb568a7b1707f0e3ac8bd8184c7d"
"scripts/msrr128_baselines/metrics.py","1775","1feb0e14d380875fec456436b53608540432949ddd2512cfee1037bfe273d4f8"
"scripts/msrr128_baselines/pu_bagging_dt.py","3717","24168288fe90d3d437c6057923ff9e95b60d2f44a56764e685ab1058e2ceaebc"
"scripts/msrr128_baselines/pu_pullbaggingdt_adapter.py","6420","8f5add71bddc7fd9ea8672b54168e2a672371e14146fd9916861af41c658d001"
"scripts/msrr128_baselines/spy_pu_brf_formal_config.json","1342","3688cfe6107c6159bbefa0596f22db8f9b29eeb7052f6cdc59e8b6a867dd4391"
"scripts/msrr128_baselines/spy_pu_brf.py","7923","4e1d3229ad339e56c63d833eb8733f5869d63dde928cc08a66a4584d686aa7eb"
"scripts/reconcile_and_freeze_hard_control_candidate_eligibility_pool_v1_1.py","40507","968662e84cdc123693d6ced3ec5ac222a3e8d562a25f7ad543b4d6e8da9add29"
"scripts/run_kyushu_external_dataset_01.py","22291","2a59c6797a46fb673a340d7159ec61787dc74043146589059777b33579357bff"
"scripts/TRAIN_SEHC_V2_TEMPLATE.py","6792","c0805bda6636727648d30238adc718e527a1502b783fe6f18d97437119f34bb8"
"SECURITY_AUDIT.md","2381","1db71ffdd79493736c927880d2069a3daca41cc44e91ac2dc03fc395ca8e9e26"
"src/benchmark/dataset_01_spatial_split_protocol.py","69058","43ead4100d3a44a648e240f1fe6146ff601707a3882ab6c06917c7989a0839dc"
"src/benchmark/hard_control_01b_matching_sensitivity.py","45371","6d4c0333589bd42437e654156054576d11aca69860283897af37b0b727a1382f"
"src/benchmark/hard_control_01e_common_support_protocol.py","36302","e75d8d89fc311be6d13824b58b542e0952d45ad80d00034ee7d8cd213f9826d5"
"src/benchmark/revised_hard_control_01.py","48262","540d9eef08939fd9f06f4d3b68b3bb8e5c33d7ad8778249dae507b96a3258540"
"src/README.md","547","3e8311ee4e67c60fa175354b518c17e4254d5eb0ac37a0de3664c55c68bf485a"
"tests/test_fold_integrity.py","383","e980e8d90f7a516f81881a96aae05b36ac1c2c496ac0d0f11960931490b22a5a"
"tests/test_matching_integrity.py","2192","b800801bc0b3d376f52e144a810936649dde446356f079bb2007fba5d4fd9957"
"tests/test_metrics.py","1537","815a4413d1247cfedaaa1346e77702e7ea2f61f9535c702b53ad0fa873f94e3e"
"tests/test_msrr_dimensions.py","1082","3feac7042d9ca7a7b08e8cbff15ad18b2bc633010614702e421fdffc5b9cede0"
"tests/test_msrr.py","2485","af1cdcc649bffa57d9b10d53a5ceb0b7826d6bf326fe9ddb96e53bb3121b94ce"
"tests/test_reference_outputs.py","403","9d3c030a27f726c7a06962958037699d1170ec6d5eafb81f1510cc0af063a984"
"THIRD_PARTY_NOTICES.md","3254","a6d17cdf64a7e60cdb168e3bcbabdca7dc55b82462ec4a2e225ed5c45d718698"
"third_party/README.md","671","1a3e6255824fb18deb07d72a2ca25c2eeddc1555dec9d5c0a6525d205851f703"
"TRANSLATION_AUDIT.md","1600","192bf5b7afa01766d458ee4a133693c48a0d0c580e912e015a5025c042999003"
"VALIDATION_REPORT.md","7451","6e5cceb4584541263d9b34eed396aa87be7aa13ee28a12d1dfdfbd34c302dcb3"
"ZENODO_SETUP.md","823","f2bf4776541837e66031c3ddf9ef9b260b690a3b8e4516ffc2e1711884050324"
