result_id,scope,authority_script,primary_reference,description,frozen_status
R001,Hiroshima cross-backbone,120B_RUN_MSRR_CROSS_BACKBONE_5FOLD_NO_LIGHTGBM_ONE_SHOT.py,reference_results/hiroshima/OOF_RESULTS.csv,Four learners evaluated with RAW and MSRR,FROZEN
R002,Hiroshima paired bootstrap,121_RECOVER_OOF_AND_PAIRED_BOOTSTRAP.py,reference_results/hiroshima/121_BOOTSTRAP_SUMMARY.csv,Matched-set paired bootstrap with B=10000,FROZEN
R003,Representation ablation,119_RUN_MSRR_REPRESENTATION_ABLATION_5FOLD_ONE_SHOT.py,reference_results/ablation/OOF_RESULTS.csv,Seven frozen representation variants,FROZEN
R004,Matched-context placebo,123_RUN_MATCHED_CONTEXT_PLACEBO_XGB.py,reference_results/placebo/123_OOF_METRICS.csv,RAW true MSRR global-centered and shuffled-context,FROZEN
R005,Kyushu primary external,124D_RUN_KYUSHU2017_FROZEN_EXTERNAL_VALIDATION.py,reference_results/kyushu/124D_EXTERNAL_METRICS.csv,Hiroshima-trained XGBoost applied to Kyushu,FROZEN
R006,Kyushu cross-backbone,125_RUN_KYUSHU2017_FULL_CROSS_BACKBONE_EXTERNAL.py,reference_results/kyushu/125_EXTERNAL_METRICS_FULL_PANEL.csv,Four-learner external confirmation,FROZEN
R007,Task-aligned objectives,126B_RUN_TASK_ALIGNED_BASELINES_SINGLE_THREAD_ONE_SHOT.py,reference_results/comparators/OOF_RESULTS.csv,Pointwise PairDiff and rank-pair comparisons,FROZEN
R008,PairDiff convergence,126C_AUDIT_PAIRDIFF_CONVERGENCE_SENSITIVITY.py,reference_results/comparators/AUDIT126B.json,Convergence and selection audit,FROZEN
R009,PairDiff same-backbone,131_RUN_PAIRDIFF_XGB_FAIRNESS.py,reference_results/comparators/PAIRDIFF_XGB_MAIN_RESULTS.csv,XGBoost PairDiff fairness comparison,FROZEN
R010,Published PU comparators,128B1_RUN_PUBLISHED_ALGORITHM_COMPARISON_5FOLD.py,reference_results/comparators/128B1_PUBLISHED_METHOD_COMPARISON.csv,PU-BaggingDT Spy-PU+BRF and PU-pullbaggingDT,FROZEN
R011,Published-method bootstrap,128C_RUN_PUBLISHED_METHOD_PAIRED_BOOTSTRAP.py,reference_results/comparators/128C_PAIRED_BOOTSTRAP_RESULTS.csv,Paired matched-set intervals for published comparators,FROZEN
R012,Conservative pre-trigger,128C_RUN_SCALABLE_EXACT_PRETRIGGER_REMATCHING.py,reference_results/robustness/ARM_A_VS_ARM_B_COMPARISON.csv,Input-only and exact-rematching sensitivity,FROZEN
R013,Common DEM,129B_RUN_FULL_COMMONDEM_EXACT_REMATCHING.py,reference_results/robustness/ARM_A_VS_ARM_B_COMMONDEM_COMPARISON.csv,Copernicus GLO-30 common-DEM sensitivity,FROZEN
R014,Domain shift,126_RUN_HIROSHIMA_KYUSHU_DOMAIN_SHIFT_CHARACTERIZATION.py,reference_results/domain_shift/126_DOMAIN_SHIFT_SUMMARY.json,Static categorical rainfall and matched-context shift,FROZEN
R015,Spatial summaries,127B_RUN_MSRR_SPATIAL_MATCHED_MARGIN_ANALYSIS_AUTO_GEOMETRY.py,reference_results/spatial/127_PAPER_SPATIAL_RESULT_SUMMARY.csv,Transition counts block summaries and cross-backbone consensus,FROZEN
R016,Matching replay,130_AUDIT_ORIGINAL_BENCHMARK_EXACT_REPLAY.py,reference_results/hiroshima/EXACT_REPLAY_COMPARISON.csv,Hiroshima and Kyushu deterministic benchmark replay,FROZEN
