method,human_fold,selected_config,AUROC,AUPRC,StrictPair,Edge
RAW_POINTWISE_XGB,1,D6,0.6807090354273124,0.47790900552366067,0.5548961424332344,0.7126607319485658
RAW_PAIRDIFF_LOGIT,1,C=0.1,0.5821262844614288,0.5006755216129873,0.6646884272997032,0.7784371909000989
RAW_RANKPAIR_XGB,1,D6,0.6679204321210502,0.4860130924186949,0.6300692383778437,0.7700296735905044
MSRR_POINTWISE_XGB,1,D8,0.8956938562068483,0.82285736034559,0.7645895153313551,0.8511374876360039
MSRR_RANKPAIR_XGB,1,D8,0.8798924002148474,0.7835545004664517,0.7606330365974283,0.8486646884272997
RAW_POINTWISE_XGB,2,D8,0.6986638568232136,0.5157789048268283,0.6003956478733927,0.7408506429277942
RAW_PAIRDIFF_LOGIT,2,C=10,0.5905944599514148,0.4075878786243472,0.6132542037586548,0.7542037586547973
RAW_RANKPAIR_XGB,2,D6,0.6899716374088782,0.5203641739839925,0.6449060336300693,0.781404549950544
MSRR_POINTWISE_XGB,2,D6,0.8873758586312188,0.799138710744012,0.7665677546983185,0.8511374876360039
MSRR_RANKPAIR_XGB,2,D8,0.87277582595407,0.7636364705509406,0.7754698318496538,0.8595450049455984
RAW_POINTWISE_XGB,3,D4,0.6496980298810024,0.47195191693291805,0.5390702274975272,0.6899109792284867
RAW_PAIRDIFF_LOGIT,3,C=0.1,0.5829314728882393,0.40232512078450927,0.5954500494559841,0.7413452027695351
RAW_RANKPAIR_XGB,3,D4,0.6534916120498454,0.47300540999548746,0.5727002967359051,0.7265084075173096
MSRR_POINTWISE_XGB,3,D6,0.8703734685032398,0.7642897676170968,0.7398615232443125,0.8417408506429278
MSRR_RANKPAIR_XGB,3,D8,0.8599867334689337,0.7395313776598355,0.7388724035608308,0.8427299703264095
RAW_POINTWISE_XGB,4,D8,0.7004390869574151,0.5320543962931392,0.5637982195845698,0.712166172106825
RAW_PAIRDIFF_LOGIT,4,C=0.1,0.5860524341051598,0.4183951567784724,0.6162215628090999,0.7502472799208705
RAW_RANKPAIR_XGB,4,D6,0.7165619334697164,0.5613669530332999,0.6261127596439169,0.7621167161226509
MSRR_POINTWISE_XGB,4,D8,0.8883674242090712,0.8098194227143991,0.7537091988130564,0.8496538081107814
MSRR_RANKPAIR_XGB,4,D8,0.878433179633331,0.7884991888048268,0.76162215628091,0.847675568743818
RAW_POINTWISE_XGB,5,D8,0.6670556093674327,0.4832680848623905,0.5553359683794467,0.6951581027667985
RAW_PAIRDIFF_LOGIT,5,C=0.1,0.5994337710321986,0.42799511823738945,0.6314229249011858,0.7603754940711462
RAW_RANKPAIR_XGB,5,D8,0.6971631918948898,0.5028124038882518,0.6156126482213439,0.7524703557312253
MSRR_POINTWISE_XGB,5,D4,0.8599952741020794,0.7416017535717004,0.7233201581027668,0.8315217391304348
MSRR_RANKPAIR_XGB,5,D8,0.8453181388554734,0.6975861767846107,0.733201581027668,0.8384387351778656
