contrast,metric,method_A,method_B,delta,CI95_LOW,CI95_HIGH,fraction_delta_gt_0,B
C1,AUROC,PAIRDIFF_XGB,RAW_POINTWISE_XGB,-0.08799970786056921,-0.09504834520302992,-0.08093492104216023,0.0,10000
C1,AUPRC,PAIRDIFF_XGB,RAW_POINTWISE_XGB,-0.08233526054485885,-0.09270588159219614,-0.07218404535703044,0.0,10000
C1,StrictPair,PAIRDIFF_XGB,RAW_POINTWISE_XGB,-0.006922468354430333,-0.024723101265822778,0.010482594936708778,0.215,10000
C1,Edge,PAIRDIFF_XGB,RAW_POINTWISE_XGB,-0.009592563291139222,-0.02254994066455702,0.0031645569620253333,0.0715,10000
C2,AUROC,MSRR_POINTWISE_XGB,PAIRDIFF_XGB,0.29063119446690755,0.28499933336621935,0.29630181352749513,1.0,10000
C2,AUPRC,MSRR_POINTWISE_XGB,PAIRDIFF_XGB,0.38068619928693825,0.3703570139155292,0.3904519285058996,1.0,10000
C2,StrictPair,MSRR_POINTWISE_XGB,PAIRDIFF_XGB,0.19382911392405067,0.17840189873417722,0.20945411392405067,1.0,10000
C2,Edge,MSRR_POINTWISE_XGB,PAIRDIFF_XGB,0.14448180379746833,0.13370253164556967,0.15506329113924044,1.0,10000
C3,AUROC,MSRR_POINTWISE_XGB,RAW_POINTWISE_XGB,0.20263148660633834,0.19528493687159512,0.20988869968848883,1.0,10000
C3,AUPRC,MSRR_POINTWISE_XGB,RAW_POINTWISE_XGB,0.2983509387420794,0.2861772882585911,0.3096331382161772,1.0,10000
C3,StrictPair,MSRR_POINTWISE_XGB,RAW_POINTWISE_XGB,0.18690664556962033,0.17147448575949362,0.20272943037974678,1.0,10000
C3,Edge,MSRR_POINTWISE_XGB,RAW_POINTWISE_XGB,0.1348892405063291,0.12391218354430389,0.1457674050632911,1.0,10000
C4,AUROC,PAIRDIFF_XGB,PAIRDIFF_LOGIT_CONVERGENCE_AUDITED,0.015023401275962356,0.012330881469315788,0.01776038085663671,1.0,10000
C4,AUPRC,PAIRDIFF_XGB,PAIRDIFF_LOGIT_CONVERGENCE_AUDITED,-0.0060042027311104085,-0.011974070554449087,-0.00038752820696207383,0.0182,10000
C4,StrictPair,PAIRDIFF_XGB,PAIRDIFF_LOGIT_CONVERGENCE_AUDITED,-0.07041139240506322,-0.08544798259493672,-0.05517701740506335,0.0,10000
C4,Edge,PAIRDIFF_XGB,PAIRDIFF_LOGIT_CONVERGENCE_AUDITED,-0.057060917721519,-0.06784266218354436,-0.04628164556962022,0.0,10000
