"row_type","method_or_contrast","metric","estimate","CI95_LOW","CI95_HIGH","learner","representation"
"METHOD","RAW_POINTWISE_XGB","AUROC","0.6769232558165007","","","XGBoost","RAW"
"METHOD","RAW_POINTWISE_XGB","AUPRC","0.4910934123026486","","","XGBoost","RAW"
"METHOD","RAW_POINTWISE_XGB","StrictPair","0.5626977848101266","","","XGBoost","RAW"
"METHOD","RAW_POINTWISE_XGB","Edge","0.7101463607594937","","","XGBoost","RAW"
"METHOD","PAIRDIFF_LOGIT_CONVERGENCE_AUDITED","AUROC","0.5739001466799691","","","ElasticNet Logistic","PAIRDIFF"
"METHOD","PAIRDIFF_LOGIT_CONVERGENCE_AUDITED","AUPRC","0.41476235448890014","","","ElasticNet Logistic","PAIRDIFF"
"METHOD","PAIRDIFF_LOGIT_CONVERGENCE_AUDITED","StrictPair","0.6261867088607594","","","ElasticNet Logistic","PAIRDIFF"
"METHOD","PAIRDIFF_LOGIT_CONVERGENCE_AUDITED","Edge","0.7576147151898734","","","ElasticNet Logistic","PAIRDIFF"
"METHOD","PAIRDIFF_XGB","AUROC","0.5889235479559315","","","XGBoost","PAIRDIFF"
"METHOD","PAIRDIFF_XGB","AUPRC","0.40875815175778973","","","XGBoost","PAIRDIFF"
"METHOD","PAIRDIFF_XGB","StrictPair","0.5557753164556962","","","XGBoost","PAIRDIFF"
"METHOD","PAIRDIFF_XGB","Edge","0.7005537974683544","","","XGBoost","PAIRDIFF"
"METHOD","MSRR_POINTWISE_XGB","AUROC","0.879554742422839","","","XGBoost","MSRR"
"METHOD","MSRR_POINTWISE_XGB","AUPRC","0.789444351044728","","","XGBoost","MSRR"
"METHOD","MSRR_POINTWISE_XGB","StrictPair","0.7496044303797469","","","XGBoost","MSRR"
"METHOD","MSRR_POINTWISE_XGB","Edge","0.8450356012658228","","","XGBoost","MSRR"
"PAIRED_CONTRAST","MSRR_POINTWISE_XGB_MINUS_PAIRDIFF_XGB","AUROC","0.29063119446690755","0.28499933336621935","0.29630181352749513","same XGBoost family","MSRR minus PairDiff"
"PAIRED_CONTRAST","MSRR_POINTWISE_XGB_MINUS_PAIRDIFF_XGB","AUPRC","0.38068619928693825","0.3703570139155292","0.3904519285058996","same XGBoost family","MSRR minus PairDiff"
"PAIRED_CONTRAST","MSRR_POINTWISE_XGB_MINUS_PAIRDIFF_XGB","StrictPair","0.19382911392405067","0.17840189873417722","0.20945411392405067","same XGBoost family","MSRR minus PairDiff"
"PAIRED_CONTRAST","MSRR_POINTWISE_XGB_MINUS_PAIRDIFF_XGB","Edge","0.14448180379746833","0.13370253164556967","0.15506329113924044","same XGBoost family","MSRR minus PairDiff"
