event,variable,transform,center,scale,q25,q75,fit_population,status,parameter_file,parameter_file_shape,parameter_file_sha256
Hiroshima 2018,dem_elevation_mean,ROBUST_SCALE,173.79775206298828,233.61334784545895,54.26893843383789,287.88228627929686,event positives + event candidate controls jointly,PASS,${PROJECT_ROOT}\data\06_hard_control\01b_revised_matching_protocol\01_protocol\revised_hard_control_01_transform_parameters.csv,42x12,492017c2c5d18a578ed0b766513c56ad1b1d54a5fd532f7ff35a073ea38fef0b
Hiroshima 2018,dem_slope_mean,ROBUST_SCALE,16.851648586273193,17.094802046835422,7.154078440320492,24.248880487155915,event positives + event candidate controls jointly,PASS,${PROJECT_ROOT}\data\06_hard_control\01b_revised_matching_protocol\01_protocol\revised_hard_control_01_transform_parameters.csv,42x12,492017c2c5d18a578ed0b766513c56ad1b1d54a5fd532f7ff35a073ea38fef0b
Hiroshima 2018,dem_profile_curvature_mean,ROBUST_SCALE,-0.0002955999446399,0.0015742788023331,-0.0012691743405358,0.0003051044617973,event positives + event candidate controls jointly,PASS,${PROJECT_ROOT}\data\06_hard_control\01b_revised_matching_protocol\01_protocol\revised_hard_control_01_transform_parameters.csv,42x12,492017c2c5d18a578ed0b766513c56ad1b1d54a5fd532f7ff35a073ea38fef0b
Hiroshima 2018,dem_plan_curvature_mean,ROBUST_SCALE,-1.4818020995505776e-05,0.0067288760642662,-0.003367549905461,0.0033613261588052,event positives + event candidate controls jointly,PASS,${PROJECT_ROOT}\data\06_hard_control\01b_revised_matching_protocol\01_protocol\revised_hard_control_01_transform_parameters.csv,42x12,492017c2c5d18a578ed0b766513c56ad1b1d54a5fd532f7ff35a073ea38fef0b
Hiroshima 2018,dem_twi_mean,ROBUST_SCALE,5.278753687667846,1.814805074882508,4.687072460365295,6.501877535247803,event positives + event candidate controls jointly,PASS,${PROJECT_ROOT}\data\06_hard_control\01b_revised_matching_protocol\01_protocol\revised_hard_control_01_transform_parameters.csv,42x12,492017c2c5d18a578ed0b766513c56ad1b1d54a5fd532f7ff35a073ea38fef0b
Hiroshima 2018,ndvi_pre_event,ROBUST_SCALE,0.7633036673069,0.3614141941070556,0.4906383752822876,0.8520525693893433,event positives + event candidate controls jointly,PASS,${PROJECT_ROOT}\data\06_hard_control\01b_revised_matching_protocol\01_protocol\revised_hard_control_01_transform_parameters.csv,42x12,492017c2c5d18a578ed0b766513c56ad1b1d54a5fd532f7ff35a073ea38fef0b
Hiroshima 2018,lc_tree_ratio,ROBUST_SCALE,0.65637291,0.78606725,0.14787509,0.93394234,event positives + event candidate controls jointly,PASS,${PROJECT_ROOT}\data\06_hard_control\01b_revised_matching_protocol\01_protocol\revised_hard_control_01_transform_parameters.csv,42x12,492017c2c5d18a578ed0b766513c56ad1b1d54a5fd532f7ff35a073ea38fef0b
Hiroshima 2018,lc_shrub_ratio,ROBUST_SCALE,0.03108794,0.07962838,0.00270139,0.08232977,event positives + event candidate controls jointly,PASS,${PROJECT_ROOT}\data\06_hard_control\01b_revised_matching_protocol\01_protocol\revised_hard_control_01_transform_parameters.csv,42x12,492017c2c5d18a578ed0b766513c56ad1b1d54a5fd532f7ff35a073ea38fef0b
Hiroshima 2018,lc_grass_ratio,ROBUST_SCALE,0.03778928,0.0525070599999999,0.01799494,0.070502,event positives + event candidate controls jointly,PASS,${PROJECT_ROOT}\data\06_hard_control\01b_revised_matching_protocol\01_protocol\revised_hard_control_01_transform_parameters.csv,42x12,492017c2c5d18a578ed0b766513c56ad1b1d54a5fd532f7ff35a073ea38fef0b
Hiroshima 2018,lc_crops_ratio,ROBUST_SCALE,0.00952393,0.07373256,0.0,0.07373256,event positives + event candidate controls jointly,PASS,${PROJECT_ROOT}\data\06_hard_control\01b_revised_matching_protocol\01_protocol\revised_hard_control_01_transform_parameters.csv,42x12,492017c2c5d18a578ed0b766513c56ad1b1d54a5fd532f7ff35a073ea38fef0b
Hiroshima 2018,lc_builtup_ratio,ROBUST_SCALE,0.03935591,0.55872227,0.0,0.55872227,event positives + event candidate controls jointly,PASS,${PROJECT_ROOT}\data\06_hard_control\01b_revised_matching_protocol\01_protocol\revised_hard_control_01_transform_parameters.csv,42x12,492017c2c5d18a578ed0b766513c56ad1b1d54a5fd532f7ff35a073ea38fef0b
Hiroshima 2018,lc_bare_ratio,ROBUST_SCALE,0.0,0.00408833,0.0,0.00408833,event positives + event candidate controls jointly,PASS,${PROJECT_ROOT}\data\06_hard_control\01b_revised_matching_protocol\01_protocol\revised_hard_control_01_transform_parameters.csv,42x12,492017c2c5d18a578ed0b766513c56ad1b1d54a5fd532f7ff35a073ea38fef0b
Hiroshima 2018,lc_permanent_water_ratio,ROBUST_SCALE,0.0,0.0,0.0,0.0,event positives + event candidate controls jointly,ZERO_IQR_EXCLUDED,${PROJECT_ROOT}\data\06_hard_control\01b_revised_matching_protocol\01_protocol\revised_hard_control_01_transform_parameters.csv,42x12,492017c2c5d18a578ed0b766513c56ad1b1d54a5fd532f7ff35a073ea38fef0b
Hiroshima 2018,lc_seasonal_water_ratio,ROBUST_SCALE,0.0,0.0,0.0,0.0,event positives + event candidate controls jointly,ZERO_IQR_EXCLUDED,${PROJECT_ROOT}\data\06_hard_control\01b_revised_matching_protocol\01_protocol\revised_hard_control_01_transform_parameters.csv,42x12,492017c2c5d18a578ed0b766513c56ad1b1d54a5fd532f7ff35a073ea38fef0b
Hiroshima 2018,river_distance_to_osm_river_m,LOG1P_THEN_ROBUST_SCALE,5.857551814656371,1.4033481327859754,5.042896770987477,6.446244903773453,event positives + event candidate controls jointly,PASS,${PROJECT_ROOT}\data\06_hard_control\01b_revised_matching_protocol\01_protocol\revised_hard_control_01_transform_parameters.csv,42x12,492017c2c5d18a578ed0b766513c56ad1b1d54a5fd532f7ff35a073ea38fef0b
Hiroshima 2018,hydro_hnd_zonal_mean_m,ROBUST_SCALE,39.45779997772641,79.30875625360159,12.736633398650604,92.0453896522522,event positives + event candidate controls jointly,PASS,${PROJECT_ROOT}\data\06_hard_control\01b_revised_matching_protocol\01_protocol\revised_hard_control_01_transform_parameters.csv,42x12,492017c2c5d18a578ed0b766513c56ad1b1d54a5fd532f7ff35a073ea38fef0b
Hiroshima 2018,hydro_upa_zonal_mean_log1p,KEEP_EXISTING_LOG1P_THEN_ROBUST_SCALE,0.0145634421093593,0.0631056875408642,0.005216750001299,0.0683224375421632,event positives + event candidate controls jointly,PASS,${PROJECT_ROOT}\data\06_hard_control\01b_revised_matching_protocol\01_protocol\revised_hard_control_01_transform_parameters.csv,42x12,492017c2c5d18a578ed0b766513c56ad1b1d54a5fd532f7ff35a073ea38fef0b
Hiroshima 2018,road_distance_to_any_road_m,LOG1P_THEN_ROBUST_SCALE,4.194799330238425,2.194225182605829,3.053612754079485,5.247837936685314,event positives + event candidate controls jointly,PASS,${PROJECT_ROOT}\data\06_hard_control\01b_revised_matching_protocol\01_protocol\revised_hard_control_01_transform_parameters.csv,42x12,492017c2c5d18a578ed0b766513c56ad1b1d54a5fd532f7ff35a073ea38fef0b
Hiroshima 2018,road_distance_to_major_road_m,LOG1P_THEN_ROBUST_SCALE,5.971544012149549,1.527603211546908,5.117633387066621,6.645236598613529,event positives + event candidate controls jointly,PASS,${PROJECT_ROOT}\data\06_hard_control\01b_revised_matching_protocol\01_protocol\revised_hard_control_01_transform_parameters.csv,42x12,492017c2c5d18a578ed0b766513c56ad1b1d54a5fd532f7ff35a073ea38fef0b
Hiroshima 2018,coast_distance_to_centroid_m,LOG1P_THEN_ROBUST_SCALE,8.995209163653715,1.436780428216343,8.07646078776537,9.513241215981711,event positives + event candidate controls jointly,PASS,${PROJECT_ROOT}\data\06_hard_control\01b_revised_matching_protocol\01_protocol\revised_hard_control_01_transform_parameters.csv,42x12,492017c2c5d18a578ed0b766513c56ad1b1d54a5fd532f7ff35a073ea38fef0b
Hiroshima 2018,rain_24h_mm,LOG1P_THEN_ROBUST_SCALE,4.847096207866597,0.220568921033248,4.749313795676276,4.969882716709524,event positives + event candidate controls jointly,PASS,${PROJECT_ROOT}\data\06_hard_control\01b_revised_matching_protocol\01_protocol\revised_hard_control_01_transform_parameters.csv,42x12,492017c2c5d18a578ed0b766513c56ad1b1d54a5fd532f7ff35a073ea38fef0b
Hiroshima 2018,rain_72h_mm,LOG1P_THEN_ROBUST_SCALE,5.302931680648504,0.1417317176210613,5.225155081202609,5.36688679882367,event positives + event candidate controls jointly,PASS,${PROJECT_ROOT}\data\06_hard_control\01b_revised_matching_protocol\01_protocol\revised_hard_control_01_transform_parameters.csv,42x12,492017c2c5d18a578ed0b766513c56ad1b1d54a5fd532f7ff35a073ea38fef0b
Hiroshima 2018,rain_120h_mm,LOG1P_THEN_ROBUST_SCALE,5.438253179384573,0.170227562599603,5.34798807098182,5.518215633581423,event positives + event candidate controls jointly,PASS,${PROJECT_ROOT}\data\06_hard_control\01b_revised_matching_protocol\01_protocol\revised_hard_control_01_transform_parameters.csv,42x12,492017c2c5d18a578ed0b766513c56ad1b1d54a5fd532f7ff35a073ea38fef0b
Hiroshima 2018,api_k090_step30m_120h,LOG1P_THEN_ROBUST_SCALE,4.009428579087391,0.2425921662054841,3.8626041288992905,4.105196295104775,event positives + event candidate controls jointly,PASS,${PROJECT_ROOT}\data\06_hard_control\01b_revised_matching_protocol\01_protocol\revised_hard_control_01_transform_parameters.csv,42x12,492017c2c5d18a578ed0b766513c56ad1b1d54a5fd532f7ff35a073ea38fef0b
Hiroshima 2018,soil_clay_0_5cm,FIELDWISE_ROBUST_SCALING,28.404870605,4.085836789999998,26.03273697,30.11857376,event positives + event candidate controls jointly,PASS,${PROJECT_ROOT}\data\06_hard_control\01b_revised_matching_protocol\01_protocol\revised_hard_control_01_transform_parameters.csv,42x12,492017c2c5d18a578ed0b766513c56ad1b1d54a5fd532f7ff35a073ea38fef0b
Hiroshima 2018,soil_clay_5_15cm,FIELDWISE_ROBUST_SCALING,29.055943300000003,4.910802462499998,26.4180740325,31.328876495,event positives + event candidate controls jointly,PASS,${PROJECT_ROOT}\data\06_hard_control\01b_revised_matching_protocol\01_protocol\revised_hard_control_01_transform_parameters.csv,42x12,492017c2c5d18a578ed0b766513c56ad1b1d54a5fd532f7ff35a073ea38fef0b
Hiroshima 2018,soil_clay_15_30cm,FIELDWISE_ROBUST_SCALING,30.83892059,4.746993255,28.47170868,33.218701935,event positives + event candidate controls jointly,PASS,${PROJECT_ROOT}\data\06_hard_control\01b_revised_matching_protocol\01_protocol\revised_hard_control_01_transform_parameters.csv,42x12,492017c2c5d18a578ed0b766513c56ad1b1d54a5fd532f7ff35a073ea38fef0b
Hiroshima 2018,soil_sand_0_5cm,FIELDWISE_ROBUST_SCALING,35.905332945,4.297081754999994,33.7,37.997081755,event positives + event candidate controls jointly,PASS,${PROJECT_ROOT}\data\06_hard_control\01b_revised_matching_protocol\01_protocol\revised_hard_control_01_transform_parameters.csv,42x12,492017c2c5d18a578ed0b766513c56ad1b1d54a5fd532f7ff35a073ea38fef0b
Hiroshima 2018,soil_sand_5_15cm,FIELDWISE_ROBUST_SCALING,35.170114135,4.112435144999999,33.1780326875,37.2904678325,event positives + event candidate controls jointly,PASS,${PROJECT_ROOT}\data\06_hard_control\01b_revised_matching_protocol\01_protocol\revised_hard_control_01_transform_parameters.csv,42x12,492017c2c5d18a578ed0b766513c56ad1b1d54a5fd532f7ff35a073ea38fef0b
Hiroshima 2018,soil_sand_15_30cm,FIELDWISE_ROBUST_SCALING,34.1,4.692646022500004,31.8757339475,36.56837997,event positives + event candidate controls jointly,PASS,${PROJECT_ROOT}\data\06_hard_control\01b_revised_matching_protocol\01_protocol\revised_hard_control_01_transform_parameters.csv,42x12,492017c2c5d18a578ed0b766513c56ad1b1d54a5fd532f7ff35a073ea38fef0b
Hiroshima 2018,soil_silt_0_5cm,FIELDWISE_ROBUST_SCALING,35.771765134999995,6.816352844999997,32.7087562525,39.5251090975,event positives + event candidate controls jointly,PASS,${PROJECT_ROOT}\data\06_hard_control\01b_revised_matching_protocol\01_protocol\revised_hard_control_01_transform_parameters.csv,42x12,492017c2c5d18a578ed0b766513c56ad1b1d54a5fd532f7ff35a073ea38fef0b
Hiroshima 2018,soil_silt_5_15cm,FIELDWISE_ROBUST_SCALING,35.55234375,7.512577820000004,32.2680961575,39.7806739775,event positives + event candidate controls jointly,PASS,${PROJECT_ROOT}\data\06_hard_control\01b_revised_matching_protocol\01_protocol\revised_hard_control_01_transform_parameters.csv,42x12,492017c2c5d18a578ed0b766513c56ad1b1d54a5fd532f7ff35a073ea38fef0b
Hiroshima 2018,soil_silt_15_30cm,FIELDWISE_ROBUST_SCALING,34.258996585000006,7.562900542499996,31.0543937725,38.617294315,event positives + event candidate controls jointly,PASS,${PROJECT_ROOT}\data\06_hard_control\01b_revised_matching_protocol\01_protocol\revised_hard_control_01_transform_parameters.csv,42x12,492017c2c5d18a578ed0b766513c56ad1b1d54a5fd532f7ff35a073ea38fef0b
Hiroshima 2018,soil_bdod_0_5cm,FIELDWISE_ROBUST_SCALING,1.1045020675,0.1139269439999999,1.04257888825,1.15650583225,event positives + event candidate controls jointly,PASS,${PROJECT_ROOT}\data\06_hard_control\01b_revised_matching_protocol\01_protocol\revised_hard_control_01_transform_parameters.csv,42x12,492017c2c5d18a578ed0b766513c56ad1b1d54a5fd532f7ff35a073ea38fef0b
Hiroshima 2018,soil_bdod_5_15cm,FIELDWISE_ROBUST_SCALING,1.16,0.098516655,1.10163591375,1.20015256875,event positives + event candidate controls jointly,PASS,${PROJECT_ROOT}\data\06_hard_control\01b_revised_matching_protocol\01_protocol\revised_hard_control_01_transform_parameters.csv,42x12,492017c2c5d18a578ed0b766513c56ad1b1d54a5fd532f7ff35a073ea38fef0b
Hiroshima 2018,soil_bdod_15_30cm,FIELDWISE_ROBUST_SCALING,1.235165939,0.1100410842499999,1.16995891575,1.28,event positives + event candidate controls jointly,PASS,${PROJECT_ROOT}\data\06_hard_control\01b_revised_matching_protocol\01_protocol\revised_hard_control_01_transform_parameters.csv,42x12,492017c2c5d18a578ed0b766513c56ad1b1d54a5fd532f7ff35a073ea38fef0b
Hiroshima 2018,soil_soc_0_5cm,FIELDWISE_ROBUST_SCALING,53.662039185,13.977127075,47.83941345,61.816540525,event positives + event candidate controls jointly,PASS,${PROJECT_ROOT}\data\06_hard_control\01b_revised_matching_protocol\01_protocol\revised_hard_control_01_transform_parameters.csv,42x12,492017c2c5d18a578ed0b766513c56ad1b1d54a5fd532f7ff35a073ea38fef0b
Hiroshima 2018,soil_soc_5_15cm,FIELDWISE_ROBUST_SCALING,29.159817505,10.362208552499997,24.848505405,35.2107139575,event positives + event candidate controls jointly,PASS,${PROJECT_ROOT}\data\06_hard_control\01b_revised_matching_protocol\01_protocol\revised_hard_control_01_transform_parameters.csv,42x12,492017c2c5d18a578ed0b766513c56ad1b1d54a5fd532f7ff35a073ea38fef0b
Hiroshima 2018,soil_soc_15_30cm,FIELDWISE_ROBUST_SCALING,17.53860703,4.0657192225,15.81559677,19.8813159925,event positives + event candidate controls jointly,PASS,${PROJECT_ROOT}\data\06_hard_control\01b_revised_matching_protocol\01_protocol\revised_hard_control_01_transform_parameters.csv,42x12,492017c2c5d18a578ed0b766513c56ad1b1d54a5fd532f7ff35a073ea38fef0b
Hiroshima 2018,soil_cec_0_5cm,FIELDWISE_ROBUST_SCALING,21.530467225,2.4552825899999995,20.24471741,22.7,event positives + event candidate controls jointly,PASS,${PROJECT_ROOT}\data\06_hard_control\01b_revised_matching_protocol\01_protocol\revised_hard_control_01_transform_parameters.csv,42x12,492017c2c5d18a578ed0b766513c56ad1b1d54a5fd532f7ff35a073ea38fef0b
Hiroshima 2018,soil_cec_5_15cm,FIELDWISE_ROBUST_SCALING,18.02304764,3.254411319999999,16.14558868,19.4,event positives + event candidate controls jointly,PASS,${PROJECT_ROOT}\data\06_hard_control\01b_revised_matching_protocol\01_protocol\revised_hard_control_01_transform_parameters.csv,42x12,492017c2c5d18a578ed0b766513c56ad1b1d54a5fd532f7ff35a073ea38fef0b
Hiroshima 2018,soil_cec_15_30cm,FIELDWISE_ROBUST_SCALING,16.63574524,2.4666126275,15.2853157,17.7519283275,event positives + event candidate controls jointly,PASS,${PROJECT_ROOT}\data\06_hard_control\01b_revised_matching_protocol\01_protocol\revised_hard_control_01_transform_parameters.csv,42x12,492017c2c5d18a578ed0b766513c56ad1b1d54a5fd532f7ff35a073ea38fef0b
Kyushu 2017,dem_elevation_mean,ROBUST_SCALE,203.15525059814453,336.15379807434084,50.2687816986084,386.4225797729492,event positives + event candidate controls jointly,PASS,${PROJECT_ROOT}\external\kyushu_2017_asakura_toho\08_external_dataset\matched_benchmark\kyushu_external_matching_transform_parameters_v1.csv,42x12,9f9f5df4cb1cda9281ea9849d132d323fd1109a5c83b8f13a89f81a56cb3ed6d
Kyushu 2017,dem_slope_mean,ROBUST_SCALE,17.602950636339187,19.927668473343736,3.25257047991287,23.180238953256605,event positives + event candidate controls jointly,PASS,${PROJECT_ROOT}\external\kyushu_2017_asakura_toho\08_external_dataset\matched_benchmark\kyushu_external_matching_transform_parameters_v1.csv,42x12,9f9f5df4cb1cda9281ea9849d132d323fd1109a5c83b8f13a89f81a56cb3ed6d
Kyushu 2017,dem_profile_curvature_mean,ROBUST_SCALE,-0.0001851122763802,0.0012036877804354,-0.000917366434942,0.0002863213454934,event positives + event candidate controls jointly,PASS,${PROJECT_ROOT}\external\kyushu_2017_asakura_toho\08_external_dataset\matched_benchmark\kyushu_external_matching_transform_parameters_v1.csv,42x12,9f9f5df4cb1cda9281ea9849d132d323fd1109a5c83b8f13a89f81a56cb3ed6d
Kyushu 2017,dem_plan_curvature_mean,ROBUST_SCALE,-0.0005014572241892,0.0075782431786151,-0.0043683943994431,0.003209848779172,event positives + event candidate controls jointly,PASS,${PROJECT_ROOT}\external\kyushu_2017_asakura_toho\08_external_dataset\matched_benchmark\kyushu_external_matching_transform_parameters_v1.csv,42x12,9f9f5df4cb1cda9281ea9849d132d323fd1109a5c83b8f13a89f81a56cb3ed6d
Kyushu 2017,dem_twi_mean,ROBUST_SCALE,5.313821105003357,1.921909709739685,4.914961757087708,6.836871466827393,event positives + event candidate controls jointly,PASS,${PROJECT_ROOT}\external\kyushu_2017_asakura_toho\08_external_dataset\matched_benchmark\kyushu_external_matching_transform_parameters_v1.csv,42x12,9f9f5df4cb1cda9281ea9849d132d323fd1109a5c83b8f13a89f81a56cb3ed6d
Kyushu 2017,ndvi_pre_event,ROBUST_SCALE,0.7764969170093536,0.371597521007061,0.4589206501841545,0.8305181711912155,event positives + event candidate controls jointly,PASS,${PROJECT_ROOT}\external\kyushu_2017_asakura_toho\08_external_dataset\matched_benchmark\kyushu_external_matching_transform_parameters_v1.csv,42x12,9f9f5df4cb1cda9281ea9849d132d323fd1109a5c83b8f13a89f81a56cb3ed6d
Kyushu 2017,lc_tree_ratio,ROBUST_SCALE,0.8653958892822265,0.7642998647689819,0.199010853767395,0.963310718536377,event positives + event candidate controls jointly,PASS,${PROJECT_ROOT}\external\kyushu_2017_asakura_toho\08_external_dataset\matched_benchmark\kyushu_external_matching_transform_parameters_v1.csv,42x12,9f9f5df4cb1cda9281ea9849d132d323fd1109a5c83b8f13a89f81a56cb3ed6d
Kyushu 2017,lc_shrub_ratio,ROBUST_SCALE,0.0144534033536911,0.0616459752991795,0.0016240559145808,0.0632700312137603,event positives + event candidate controls jointly,PASS,${PROJECT_ROOT}\external\kyushu_2017_asakura_toho\08_external_dataset\matched_benchmark\kyushu_external_matching_transform_parameters_v1.csv,42x12,9f9f5df4cb1cda9281ea9849d132d323fd1109a5c83b8f13a89f81a56cb3ed6d
Kyushu 2017,lc_grass_ratio,ROBUST_SCALE,0.0413607025146484,0.0522208696603775,0.0252940386533737,0.0775149083137512,event positives + event candidate controls jointly,PASS,${PROJECT_ROOT}\external\kyushu_2017_asakura_toho\08_external_dataset\matched_benchmark\kyushu_external_matching_transform_parameters_v1.csv,42x12,9f9f5df4cb1cda9281ea9849d132d323fd1109a5c83b8f13a89f81a56cb3ed6d
Kyushu 2017,lc_crops_ratio,ROBUST_SCALE,0.0041115364432334,0.1172819805145263,0.0,0.1172819805145263,event positives + event candidate controls jointly,PASS,${PROJECT_ROOT}\external\kyushu_2017_asakura_toho\08_external_dataset\matched_benchmark\kyushu_external_matching_transform_parameters_v1.csv,42x12,9f9f5df4cb1cda9281ea9849d132d323fd1109a5c83b8f13a89f81a56cb3ed6d
Kyushu 2017,lc_builtup_ratio,ROBUST_SCALE,0.0012774706631898,0.2779963064193725,0.0,0.2779963064193725,event positives + event candidate controls jointly,PASS,${PROJECT_ROOT}\external\kyushu_2017_asakura_toho\08_external_dataset\matched_benchmark\kyushu_external_matching_transform_parameters_v1.csv,42x12,9f9f5df4cb1cda9281ea9849d132d323fd1109a5c83b8f13a89f81a56cb3ed6d
Kyushu 2017,lc_bare_ratio,ROBUST_SCALE,0.0,0.008564293384552,0.0,0.008564293384552,event positives + event candidate controls jointly,PASS,${PROJECT_ROOT}\external\kyushu_2017_asakura_toho\08_external_dataset\matched_benchmark\kyushu_external_matching_transform_parameters_v1.csv,42x12,9f9f5df4cb1cda9281ea9849d132d323fd1109a5c83b8f13a89f81a56cb3ed6d
Kyushu 2017,lc_permanent_water_ratio,ROBUST_SCALE,0.0,0.0,0.0,0.0,event positives + event candidate controls jointly,ZERO_IQR_EXCLUDED,${PROJECT_ROOT}\external\kyushu_2017_asakura_toho\08_external_dataset\matched_benchmark\kyushu_external_matching_transform_parameters_v1.csv,42x12,9f9f5df4cb1cda9281ea9849d132d323fd1109a5c83b8f13a89f81a56cb3ed6d
Kyushu 2017,lc_seasonal_water_ratio,ROBUST_SCALE,0.0,0.0,0.0,0.0,event positives + event candidate controls jointly,ZERO_IQR_EXCLUDED,${PROJECT_ROOT}\external\kyushu_2017_asakura_toho\08_external_dataset\matched_benchmark\kyushu_external_matching_transform_parameters_v1.csv,42x12,9f9f5df4cb1cda9281ea9849d132d323fd1109a5c83b8f13a89f81a56cb3ed6d
Kyushu 2017,river_distance_to_osm_river_m,LOG1P_THEN_ROBUST_SCALE,5.610278083761859,1.4201467650064696,4.777531238412742,6.197678003419211,event positives + event candidate controls jointly,PASS,${PROJECT_ROOT}\external\kyushu_2017_asakura_toho\08_external_dataset\matched_benchmark\kyushu_external_matching_transform_parameters_v1.csv,42x12,9f9f5df4cb1cda9281ea9849d132d323fd1109a5c83b8f13a89f81a56cb3ed6d
Kyushu 2017,hydro_hnd_zonal_mean_m,ROBUST_SCALE,42.76069313101471,104.79203439421124,6.931659400463104,111.72369379467436,event positives + event candidate controls jointly,PASS,${PROJECT_ROOT}\external\kyushu_2017_asakura_toho\08_external_dataset\matched_benchmark\kyushu_external_matching_transform_parameters_v1.csv,42x12,9f9f5df4cb1cda9281ea9849d132d323fd1109a5c83b8f13a89f81a56cb3ed6d
Kyushu 2017,hydro_upa_zonal_mean_log1p,KEEP_EXISTING_LOG1P_THEN_ROBUST_SCALE,0.0159705578996823,0.0739106780064099,0.0055739260536922,0.0794846040601021,event positives + event candidate controls jointly,PASS,${PROJECT_ROOT}\external\kyushu_2017_asakura_toho\08_external_dataset\matched_benchmark\kyushu_external_matching_transform_parameters_v1.csv,42x12,9f9f5df4cb1cda9281ea9849d132d323fd1109a5c83b8f13a89f81a56cb3ed6d
Kyushu 2017,road_distance_to_any_road_m,LOG1P_THEN_ROBUST_SCALE,4.351974163629516,1.970735764495668,3.3721616553024143,5.342897419798082,event positives + event candidate controls jointly,PASS,${PROJECT_ROOT}\external\kyushu_2017_asakura_toho\08_external_dataset\matched_benchmark\kyushu_external_matching_transform_parameters_v1.csv,42x12,9f9f5df4cb1cda9281ea9849d132d323fd1109a5c83b8f13a89f81a56cb3ed6d
Kyushu 2017,road_distance_to_major_road_m,LOG1P_THEN_ROBUST_SCALE,5.962115402341675,1.6296663504306093,5.071089242617068,6.700755593047678,event positives + event candidate controls jointly,PASS,${PROJECT_ROOT}\external\kyushu_2017_asakura_toho\08_external_dataset\matched_benchmark\kyushu_external_matching_transform_parameters_v1.csv,42x12,9f9f5df4cb1cda9281ea9849d132d323fd1109a5c83b8f13a89f81a56cb3ed6d
Kyushu 2017,coast_distance_to_centroid_m,LOG1P_THEN_ROBUST_SCALE,10.393286890092934,0.2739962748637623,10.240410308771768,10.51440658363553,event positives + event candidate controls jointly,PASS,${PROJECT_ROOT}\external\kyushu_2017_asakura_toho\08_external_dataset\matched_benchmark\kyushu_external_matching_transform_parameters_v1.csv,42x12,9f9f5df4cb1cda9281ea9849d132d323fd1109a5c83b8f13a89f81a56cb3ed6d
Kyushu 2017,rain_24h_mm,LOG1P_THEN_ROBUST_SCALE,4.136285781860352,0.386481761932373,3.842029571533203,4.228511333465576,event positives + event candidate controls jointly,PASS,${PROJECT_ROOT}\external\kyushu_2017_asakura_toho\08_external_dataset\matched_benchmark\kyushu_external_matching_transform_parameters_v1.csv,42x12,9f9f5df4cb1cda9281ea9849d132d323fd1109a5c83b8f13a89f81a56cb3ed6d
Kyushu 2017,rain_72h_mm,LOG1P_THEN_ROBUST_SCALE,4.511847972869873,0.2311692237854004,4.3136138916015625,4.544783115386963,event positives + event candidate controls jointly,PASS,${PROJECT_ROOT}\external\kyushu_2017_asakura_toho\08_external_dataset\matched_benchmark\kyushu_external_matching_transform_parameters_v1.csv,42x12,9f9f5df4cb1cda9281ea9849d132d323fd1109a5c83b8f13a89f81a56cb3ed6d
Kyushu 2017,rain_120h_mm,LOG1P_THEN_ROBUST_SCALE,4.513109683990479,0.2319073677062988,4.314149379730225,4.546056747436523,event positives + event candidate controls jointly,PASS,${PROJECT_ROOT}\external\kyushu_2017_asakura_toho\08_external_dataset\matched_benchmark\kyushu_external_matching_transform_parameters_v1.csv,42x12,9f9f5df4cb1cda9281ea9849d132d323fd1109a5c83b8f13a89f81a56cb3ed6d
Kyushu 2017,api_k090_step30m_120h,LOG1P_THEN_ROBUST_SCALE,3.50386118888855,0.6889865398406982,3.02722430229187,3.716210842132568,event positives + event candidate controls jointly,PASS,${PROJECT_ROOT}\external\kyushu_2017_asakura_toho\08_external_dataset\matched_benchmark\kyushu_external_matching_transform_parameters_v1.csv,42x12,9f9f5df4cb1cda9281ea9849d132d323fd1109a5c83b8f13a89f81a56cb3ed6d
Kyushu 2017,soil_clay_0_5cm,FIELDWISE_ROBUST_SCALING,28.404870605,4.085836789999998,26.03273697,30.11857376,event positives + event candidate controls jointly,PASS,${PROJECT_ROOT}\external\kyushu_2017_asakura_toho\08_external_dataset\matched_benchmark\kyushu_external_matching_transform_parameters_v1.csv,42x12,9f9f5df4cb1cda9281ea9849d132d323fd1109a5c83b8f13a89f81a56cb3ed6d
Kyushu 2017,soil_clay_5_15cm,FIELDWISE_ROBUST_SCALING,29.055943300000003,4.910802462499998,26.4180740325,31.328876495,event positives + event candidate controls jointly,PASS,${PROJECT_ROOT}\external\kyushu_2017_asakura_toho\08_external_dataset\matched_benchmark\kyushu_external_matching_transform_parameters_v1.csv,42x12,9f9f5df4cb1cda9281ea9849d132d323fd1109a5c83b8f13a89f81a56cb3ed6d
Kyushu 2017,soil_clay_15_30cm,FIELDWISE_ROBUST_SCALING,30.83892059,4.746993255,28.47170868,33.218701935,event positives + event candidate controls jointly,PASS,${PROJECT_ROOT}\external\kyushu_2017_asakura_toho\08_external_dataset\matched_benchmark\kyushu_external_matching_transform_parameters_v1.csv,42x12,9f9f5df4cb1cda9281ea9849d132d323fd1109a5c83b8f13a89f81a56cb3ed6d
Kyushu 2017,soil_sand_0_5cm,FIELDWISE_ROBUST_SCALING,35.905332945,4.297081754999994,33.7,37.997081755,event positives + event candidate controls jointly,PASS,${PROJECT_ROOT}\external\kyushu_2017_asakura_toho\08_external_dataset\matched_benchmark\kyushu_external_matching_transform_parameters_v1.csv,42x12,9f9f5df4cb1cda9281ea9849d132d323fd1109a5c83b8f13a89f81a56cb3ed6d
Kyushu 2017,soil_sand_5_15cm,FIELDWISE_ROBUST_SCALING,35.170114135,4.112435144999999,33.1780326875,37.2904678325,event positives + event candidate controls jointly,PASS,${PROJECT_ROOT}\external\kyushu_2017_asakura_toho\08_external_dataset\matched_benchmark\kyushu_external_matching_transform_parameters_v1.csv,42x12,9f9f5df4cb1cda9281ea9849d132d323fd1109a5c83b8f13a89f81a56cb3ed6d
Kyushu 2017,soil_sand_15_30cm,FIELDWISE_ROBUST_SCALING,34.1,4.692646022500004,31.8757339475,36.56837997,event positives + event candidate controls jointly,PASS,${PROJECT_ROOT}\external\kyushu_2017_asakura_toho\08_external_dataset\matched_benchmark\kyushu_external_matching_transform_parameters_v1.csv,42x12,9f9f5df4cb1cda9281ea9849d132d323fd1109a5c83b8f13a89f81a56cb3ed6d
Kyushu 2017,soil_silt_0_5cm,FIELDWISE_ROBUST_SCALING,35.771765134999995,6.816352844999997,32.7087562525,39.5251090975,event positives + event candidate controls jointly,PASS,${PROJECT_ROOT}\external\kyushu_2017_asakura_toho\08_external_dataset\matched_benchmark\kyushu_external_matching_transform_parameters_v1.csv,42x12,9f9f5df4cb1cda9281ea9849d132d323fd1109a5c83b8f13a89f81a56cb3ed6d
Kyushu 2017,soil_silt_5_15cm,FIELDWISE_ROBUST_SCALING,35.55234375,7.512577820000004,32.2680961575,39.7806739775,event positives + event candidate controls jointly,PASS,${PROJECT_ROOT}\external\kyushu_2017_asakura_toho\08_external_dataset\matched_benchmark\kyushu_external_matching_transform_parameters_v1.csv,42x12,9f9f5df4cb1cda9281ea9849d132d323fd1109a5c83b8f13a89f81a56cb3ed6d
Kyushu 2017,soil_silt_15_30cm,FIELDWISE_ROBUST_SCALING,34.258996585000006,7.562900542499996,31.0543937725,38.617294315,event positives + event candidate controls jointly,PASS,${PROJECT_ROOT}\external\kyushu_2017_asakura_toho\08_external_dataset\matched_benchmark\kyushu_external_matching_transform_parameters_v1.csv,42x12,9f9f5df4cb1cda9281ea9849d132d323fd1109a5c83b8f13a89f81a56cb3ed6d
Kyushu 2017,soil_bdod_0_5cm,FIELDWISE_ROBUST_SCALING,1.1045020675,0.1139269439999999,1.04257888825,1.15650583225,event positives + event candidate controls jointly,PASS,${PROJECT_ROOT}\external\kyushu_2017_asakura_toho\08_external_dataset\matched_benchmark\kyushu_external_matching_transform_parameters_v1.csv,42x12,9f9f5df4cb1cda9281ea9849d132d323fd1109a5c83b8f13a89f81a56cb3ed6d
Kyushu 2017,soil_bdod_5_15cm,FIELDWISE_ROBUST_SCALING,1.16,0.098516655,1.10163591375,1.20015256875,event positives + event candidate controls jointly,PASS,${PROJECT_ROOT}\external\kyushu_2017_asakura_toho\08_external_dataset\matched_benchmark\kyushu_external_matching_transform_parameters_v1.csv,42x12,9f9f5df4cb1cda9281ea9849d132d323fd1109a5c83b8f13a89f81a56cb3ed6d
Kyushu 2017,soil_bdod_15_30cm,FIELDWISE_ROBUST_SCALING,1.235165939,0.1100410842499999,1.16995891575,1.28,event positives + event candidate controls jointly,PASS,${PROJECT_ROOT}\external\kyushu_2017_asakura_toho\08_external_dataset\matched_benchmark\kyushu_external_matching_transform_parameters_v1.csv,42x12,9f9f5df4cb1cda9281ea9849d132d323fd1109a5c83b8f13a89f81a56cb3ed6d
Kyushu 2017,soil_soc_0_5cm,FIELDWISE_ROBUST_SCALING,53.662039185,13.977127075,47.83941345,61.816540525,event positives + event candidate controls jointly,PASS,${PROJECT_ROOT}\external\kyushu_2017_asakura_toho\08_external_dataset\matched_benchmark\kyushu_external_matching_transform_parameters_v1.csv,42x12,9f9f5df4cb1cda9281ea9849d132d323fd1109a5c83b8f13a89f81a56cb3ed6d
Kyushu 2017,soil_soc_5_15cm,FIELDWISE_ROBUST_SCALING,29.159817505,10.362208552499997,24.848505405,35.2107139575,event positives + event candidate controls jointly,PASS,${PROJECT_ROOT}\external\kyushu_2017_asakura_toho\08_external_dataset\matched_benchmark\kyushu_external_matching_transform_parameters_v1.csv,42x12,9f9f5df4cb1cda9281ea9849d132d323fd1109a5c83b8f13a89f81a56cb3ed6d
Kyushu 2017,soil_soc_15_30cm,FIELDWISE_ROBUST_SCALING,17.53860703,4.0657192225,15.81559677,19.8813159925,event positives + event candidate controls jointly,PASS,${PROJECT_ROOT}\external\kyushu_2017_asakura_toho\08_external_dataset\matched_benchmark\kyushu_external_matching_transform_parameters_v1.csv,42x12,9f9f5df4cb1cda9281ea9849d132d323fd1109a5c83b8f13a89f81a56cb3ed6d
Kyushu 2017,soil_cec_0_5cm,FIELDWISE_ROBUST_SCALING,21.530467225,2.4552825899999995,20.24471741,22.7,event positives + event candidate controls jointly,PASS,${PROJECT_ROOT}\external\kyushu_2017_asakura_toho\08_external_dataset\matched_benchmark\kyushu_external_matching_transform_parameters_v1.csv,42x12,9f9f5df4cb1cda9281ea9849d132d323fd1109a5c83b8f13a89f81a56cb3ed6d
Kyushu 2017,soil_cec_5_15cm,FIELDWISE_ROBUST_SCALING,18.02304764,3.254411319999999,16.14558868,19.4,event positives + event candidate controls jointly,PASS,${PROJECT_ROOT}\external\kyushu_2017_asakura_toho\08_external_dataset\matched_benchmark\kyushu_external_matching_transform_parameters_v1.csv,42x12,9f9f5df4cb1cda9281ea9849d132d323fd1109a5c83b8f13a89f81a56cb3ed6d
Kyushu 2017,soil_cec_15_30cm,FIELDWISE_ROBUST_SCALING,16.63574524,2.4666126275,15.2853157,17.7519283275,event positives + event candidate controls jointly,PASS,${PROJECT_ROOT}\external\kyushu_2017_asakura_toho\08_external_dataset\matched_benchmark\kyushu_external_matching_transform_parameters_v1.csv,42x12,9f9f5df4cb1cda9281ea9849d132d323fd1109a5c83b8f13a89f81a56cb3ed6d
