event,variable_name,original_field,variable_group,static_or_dynamic,continuous_or_categorical,role,transformation,normalization,normalization_reference,weight,distance_component,caliper,missing_policy,source_file,source_function
Hiroshima 2018,geology_dominant_class,geology_dominant_class,EXACT_BLOCK,STATIC,CATEGORICAL,MATCHING_FEASIBILITY,NONE,NONE,N/A,,FEASIBILITY_BLOCK_OR_CALIPER,raw/rain/spatial rules where applicable,NA_MATCHES_NA_ONLY,${PROJECT_ROOT}\data\06_hard_control\01b_revised_matching_protocol\revised_hard_control_01.py,transform_and_blocks/build_parent20_superset
Hiroshima 2018,matching_missingness_pattern_id,matching_missingness_pattern_id,EXACT_BLOCK,STATIC_AND_ANCHOR,CATEGORICAL,MATCHING_FEASIBILITY,NONE,NONE,N/A,,FEASIBILITY_BLOCK_OR_CALIPER,raw/rain/spatial rules where applicable,EXACT_PATTERN,${PROJECT_ROOT}\data\06_hard_control\01b_revised_matching_protocol\revised_hard_control_01.py,transform_and_blocks/build_parent20_superset
Hiroshima 2018,dem_elevation_mean,dem_elevation_mean,TERRAIN,PRE_EVENT_STATIC,CONTINUOUS,MATCHING_COST,ROBUST_SCALE,(transform(x)-joint median)/joint IQR,event positive + candidate pool jointly,0.3,TERRAIN,raw/rain/spatial rules where applicable,PAIRWISE_SAME_MISSINGNESS; NO_IMPUTATION,${PROJECT_ROOT}\data\06_hard_control\01b_revised_matching_protocol\revised_hard_control_01.py,transform_and_blocks/build_parent20_superset
Hiroshima 2018,dem_slope_mean,dem_slope_mean,TERRAIN,PRE_EVENT_STATIC,CONTINUOUS,MATCHING_COST,ROBUST_SCALE,(transform(x)-joint median)/joint IQR,event positive + candidate pool jointly,0.3,TERRAIN,raw/rain/spatial rules where applicable,PAIRWISE_SAME_MISSINGNESS; NO_IMPUTATION,${PROJECT_ROOT}\data\06_hard_control\01b_revised_matching_protocol\revised_hard_control_01.py,transform_and_blocks/build_parent20_superset
Hiroshima 2018,dem_profile_curvature_mean,dem_profile_curvature_mean,TERRAIN,PRE_EVENT_STATIC,CONTINUOUS,MATCHING_COST,ROBUST_SCALE,(transform(x)-joint median)/joint IQR,event positive + candidate pool jointly,0.3,TERRAIN,raw/rain/spatial rules where applicable,PAIRWISE_SAME_MISSINGNESS; NO_IMPUTATION,${PROJECT_ROOT}\data\06_hard_control\01b_revised_matching_protocol\revised_hard_control_01.py,transform_and_blocks/build_parent20_superset
Hiroshima 2018,dem_plan_curvature_mean,dem_plan_curvature_mean,TERRAIN,PRE_EVENT_STATIC,CONTINUOUS,MATCHING_COST,ROBUST_SCALE,(transform(x)-joint median)/joint IQR,event positive + candidate pool jointly,0.3,TERRAIN,raw/rain/spatial rules where applicable,PAIRWISE_SAME_MISSINGNESS; NO_IMPUTATION,${PROJECT_ROOT}\data\06_hard_control\01b_revised_matching_protocol\revised_hard_control_01.py,transform_and_blocks/build_parent20_superset
Hiroshima 2018,dem_twi_mean,dem_twi_mean,TERRAIN,PRE_EVENT_STATIC,CONTINUOUS,MATCHING_COST,ROBUST_SCALE,(transform(x)-joint median)/joint IQR,event positive + candidate pool jointly,0.3,TERRAIN,raw/rain/spatial rules where applicable,PAIRWISE_SAME_MISSINGNESS; NO_IMPUTATION,${PROJECT_ROOT}\data\06_hard_control\01b_revised_matching_protocol\revised_hard_control_01.py,transform_and_blocks/build_parent20_superset
Hiroshima 2018,ndvi_pre_event,ndvi_pre_event,LANDCOVER_VEGETATION,PRE_EVENT_STATIC,CONTINUOUS,MATCHING_COST,ROBUST_SCALE,(transform(x)-joint median)/joint IQR,event positive + candidate pool jointly,0.15,LANDCOVER_VEGETATION,raw/rain/spatial rules where applicable,PAIRWISE_SAME_MISSINGNESS; NO_IMPUTATION,${PROJECT_ROOT}\data\06_hard_control\01b_revised_matching_protocol\revised_hard_control_01.py,transform_and_blocks/build_parent20_superset
Hiroshima 2018,lc_tree_ratio,lc_tree_ratio,LANDCOVER_VEGETATION,PRE_EVENT_STATIC,CONTINUOUS,MATCHING_COST,ROBUST_SCALE,(transform(x)-joint median)/joint IQR,event positive + candidate pool jointly,0.15,LANDCOVER_VEGETATION,raw/rain/spatial rules where applicable,PAIRWISE_SAME_MISSINGNESS; NO_IMPUTATION,${PROJECT_ROOT}\data\06_hard_control\01b_revised_matching_protocol\revised_hard_control_01.py,transform_and_blocks/build_parent20_superset
Hiroshima 2018,lc_shrub_ratio,lc_shrub_ratio,LANDCOVER_VEGETATION,PRE_EVENT_STATIC,CONTINUOUS,MATCHING_COST,ROBUST_SCALE,(transform(x)-joint median)/joint IQR,event positive + candidate pool jointly,0.15,LANDCOVER_VEGETATION,raw/rain/spatial rules where applicable,PAIRWISE_SAME_MISSINGNESS; NO_IMPUTATION,${PROJECT_ROOT}\data\06_hard_control\01b_revised_matching_protocol\revised_hard_control_01.py,transform_and_blocks/build_parent20_superset
Hiroshima 2018,lc_grass_ratio,lc_grass_ratio,LANDCOVER_VEGETATION,PRE_EVENT_STATIC,CONTINUOUS,MATCHING_COST,ROBUST_SCALE,(transform(x)-joint median)/joint IQR,event positive + candidate pool jointly,0.15,LANDCOVER_VEGETATION,raw/rain/spatial rules where applicable,PAIRWISE_SAME_MISSINGNESS; NO_IMPUTATION,${PROJECT_ROOT}\data\06_hard_control\01b_revised_matching_protocol\revised_hard_control_01.py,transform_and_blocks/build_parent20_superset
Hiroshima 2018,lc_crops_ratio,lc_crops_ratio,LANDCOVER_VEGETATION,PRE_EVENT_STATIC,CONTINUOUS,MATCHING_COST,ROBUST_SCALE,(transform(x)-joint median)/joint IQR,event positive + candidate pool jointly,0.15,LANDCOVER_VEGETATION,raw/rain/spatial rules where applicable,PAIRWISE_SAME_MISSINGNESS; NO_IMPUTATION,${PROJECT_ROOT}\data\06_hard_control\01b_revised_matching_protocol\revised_hard_control_01.py,transform_and_blocks/build_parent20_superset
Hiroshima 2018,lc_builtup_ratio,lc_builtup_ratio,LANDCOVER_VEGETATION,PRE_EVENT_STATIC,CONTINUOUS,MATCHING_COST,ROBUST_SCALE,(transform(x)-joint median)/joint IQR,event positive + candidate pool jointly,0.15,LANDCOVER_VEGETATION,raw/rain/spatial rules where applicable,PAIRWISE_SAME_MISSINGNESS; NO_IMPUTATION,${PROJECT_ROOT}\data\06_hard_control\01b_revised_matching_protocol\revised_hard_control_01.py,transform_and_blocks/build_parent20_superset
Hiroshima 2018,lc_bare_ratio,lc_bare_ratio,LANDCOVER_VEGETATION,PRE_EVENT_STATIC,CONTINUOUS,MATCHING_COST,ROBUST_SCALE,(transform(x)-joint median)/joint IQR,event positive + candidate pool jointly,0.15,LANDCOVER_VEGETATION,raw/rain/spatial rules where applicable,PAIRWISE_SAME_MISSINGNESS; NO_IMPUTATION,${PROJECT_ROOT}\data\06_hard_control\01b_revised_matching_protocol\revised_hard_control_01.py,transform_and_blocks/build_parent20_superset
Hiroshima 2018,lc_permanent_water_ratio,lc_permanent_water_ratio,LANDCOVER_VEGETATION,PRE_EVENT_STATIC,CONTINUOUS,NOT_USED_IN_MATCHING,ROBUST_SCALE,NONE,event positive + candidate pool jointly,0.15,FEASIBILITY_BLOCK_OR_CALIPER,raw/rain/spatial rules where applicable,PAIRWISE_SAME_MISSINGNESS; NO_IMPUTATION,${PROJECT_ROOT}\data\06_hard_control\01b_revised_matching_protocol\revised_hard_control_01.py,transform_and_blocks/build_parent20_superset
Hiroshima 2018,lc_seasonal_water_ratio,lc_seasonal_water_ratio,LANDCOVER_VEGETATION,PRE_EVENT_STATIC,CONTINUOUS,NOT_USED_IN_MATCHING,ROBUST_SCALE,NONE,event positive + candidate pool jointly,0.15,FEASIBILITY_BLOCK_OR_CALIPER,raw/rain/spatial rules where applicable,PAIRWISE_SAME_MISSINGNESS; NO_IMPUTATION,${PROJECT_ROOT}\data\06_hard_control\01b_revised_matching_protocol\revised_hard_control_01.py,transform_and_blocks/build_parent20_superset
Hiroshima 2018,river_distance_to_osm_river_m,river_distance_to_osm_river_m,HYDRO_DISTANCE,PRE_EVENT_STATIC,CONTINUOUS,MATCHING_COST,LOG1P_THEN_ROBUST_SCALE,(transform(x)-joint median)/joint IQR,event positive + candidate pool jointly,0.15,HYDRO_DISTANCE,raw/rain/spatial rules where applicable,PAIRWISE_SAME_MISSINGNESS; NO_IMPUTATION,${PROJECT_ROOT}\data\06_hard_control\01b_revised_matching_protocol\revised_hard_control_01.py,transform_and_blocks/build_parent20_superset
Hiroshima 2018,hydro_hnd_zonal_mean_m,hydro_hnd_zonal_mean_m,HYDRO_DISTANCE,PRE_EVENT_STATIC,CONTINUOUS,MATCHING_COST,ROBUST_SCALE,(transform(x)-joint median)/joint IQR,event positive + candidate pool jointly,0.15,HYDRO_DISTANCE,raw/rain/spatial rules where applicable,PAIRWISE_SAME_MISSINGNESS; NO_IMPUTATION,${PROJECT_ROOT}\data\06_hard_control\01b_revised_matching_protocol\revised_hard_control_01.py,transform_and_blocks/build_parent20_superset
Hiroshima 2018,hydro_upa_zonal_mean_log1p,hydro_upa_zonal_mean_log1p,HYDRO_DISTANCE,PRE_EVENT_STATIC,CONTINUOUS,MATCHING_COST,KEEP_EXISTING_LOG1P_THEN_ROBUST_SCALE,(transform(x)-joint median)/joint IQR,event positive + candidate pool jointly,0.15,HYDRO_DISTANCE,raw/rain/spatial rules where applicable,PAIRWISE_SAME_MISSINGNESS; NO_IMPUTATION,${PROJECT_ROOT}\data\06_hard_control\01b_revised_matching_protocol\revised_hard_control_01.py,transform_and_blocks/build_parent20_superset
Hiroshima 2018,road_distance_to_any_road_m,road_distance_to_any_road_m,ACCESSIBILITY_DISTANCE,PRE_EVENT_STATIC,CONTINUOUS,MATCHING_COST,LOG1P_THEN_ROBUST_SCALE,(transform(x)-joint median)/joint IQR,event positive + candidate pool jointly,0.05,ACCESSIBILITY_DISTANCE,raw/rain/spatial rules where applicable,PAIRWISE_SAME_MISSINGNESS; NO_IMPUTATION,${PROJECT_ROOT}\data\06_hard_control\01b_revised_matching_protocol\revised_hard_control_01.py,transform_and_blocks/build_parent20_superset
Hiroshima 2018,road_distance_to_major_road_m,road_distance_to_major_road_m,ACCESSIBILITY_DISTANCE,PRE_EVENT_STATIC,CONTINUOUS,MATCHING_COST,LOG1P_THEN_ROBUST_SCALE,(transform(x)-joint median)/joint IQR,event positive + candidate pool jointly,0.05,ACCESSIBILITY_DISTANCE,raw/rain/spatial rules where applicable,PAIRWISE_SAME_MISSINGNESS; NO_IMPUTATION,${PROJECT_ROOT}\data\06_hard_control\01b_revised_matching_protocol\revised_hard_control_01.py,transform_and_blocks/build_parent20_superset
Hiroshima 2018,coast_distance_to_centroid_m,coast_distance_to_centroid_m,ACCESSIBILITY_DISTANCE,PRE_EVENT_STATIC,CONTINUOUS,MATCHING_COST,LOG1P_THEN_ROBUST_SCALE,(transform(x)-joint median)/joint IQR,event positive + candidate pool jointly,0.05,ACCESSIBILITY_DISTANCE,raw/rain/spatial rules where applicable,PAIRWISE_SAME_MISSINGNESS; NO_IMPUTATION,${PROJECT_ROOT}\data\06_hard_control\01b_revised_matching_protocol\revised_hard_control_01.py,transform_and_blocks/build_parent20_superset
Hiroshima 2018,rain_24h_mm,rain_24h_mm,ANTECEDENT_RAINFALL,COMMON_EVENT_ANCHOR_OR_EARLIER,CONTINUOUS,MATCHING_COST,LOG1P_THEN_ROBUST_SCALE,(transform(x)-joint median)/joint IQR,event positive + candidate pool jointly,0.2,ANTECEDENT_RAINFALL,raw/rain/spatial rules where applicable,PAIRWISE_SAME_MISSINGNESS; NO_IMPUTATION,${PROJECT_ROOT}\data\06_hard_control\01b_revised_matching_protocol\revised_hard_control_01.py,transform_and_blocks/build_parent20_superset
Hiroshima 2018,rain_72h_mm,rain_72h_mm,ANTECEDENT_RAINFALL,COMMON_EVENT_ANCHOR_OR_EARLIER,CONTINUOUS,MATCHING_COST,LOG1P_THEN_ROBUST_SCALE,(transform(x)-joint median)/joint IQR,event positive + candidate pool jointly,0.2,ANTECEDENT_RAINFALL,raw/rain/spatial rules where applicable,PAIRWISE_SAME_MISSINGNESS; NO_IMPUTATION,${PROJECT_ROOT}\data\06_hard_control\01b_revised_matching_protocol\revised_hard_control_01.py,transform_and_blocks/build_parent20_superset
Hiroshima 2018,rain_120h_mm,rain_120h_mm,ANTECEDENT_RAINFALL,COMMON_EVENT_ANCHOR_OR_EARLIER,CONTINUOUS,MATCHING_COST,LOG1P_THEN_ROBUST_SCALE,(transform(x)-joint median)/joint IQR,event positive + candidate pool jointly,0.2,ANTECEDENT_RAINFALL,raw/rain/spatial rules where applicable,PAIRWISE_SAME_MISSINGNESS; NO_IMPUTATION,${PROJECT_ROOT}\data\06_hard_control\01b_revised_matching_protocol\revised_hard_control_01.py,transform_and_blocks/build_parent20_superset
Hiroshima 2018,api_k090_step30m_120h,api_k090_step30m_120h,ANTECEDENT_RAINFALL,COMMON_EVENT_ANCHOR_OR_EARLIER,CONTINUOUS,MATCHING_COST,LOG1P_THEN_ROBUST_SCALE,(transform(x)-joint median)/joint IQR,event positive + candidate pool jointly,0.2,ANTECEDENT_RAINFALL,raw/rain/spatial rules where applicable,PAIRWISE_SAME_MISSINGNESS; NO_IMPUTATION,${PROJECT_ROOT}\data\06_hard_control\01b_revised_matching_protocol\revised_hard_control_01.py,transform_and_blocks/build_parent20_superset
Hiroshima 2018,spatial_distance_m,spatial_distance_m,SPATIAL_CONSTRAINT,STATIC_LOCATION_CONSTRAINT,CONTINUOUS,MATCHING_FEASIBILITY,NONE,NONE,N/A,,FEASIBILITY_BLOCK_OR_CALIPER,raw/rain/spatial rules where applicable,MUST_BE_FINITE,${PROJECT_ROOT}\data\06_hard_control\01b_revised_matching_protocol\revised_hard_control_01.py,transform_and_blocks/build_parent20_superset
Hiroshima 2018,rain_30m_mm,rain_30m_mm,SHORT_TERM_TRIGGER,COMMON_EVENT_ANCHOR_OR_EARLIER,CONTINUOUS,NOT_USED_IN_MATCHING,NONE,NONE,N/A,,FEASIBILITY_BLOCK_OR_CALIPER,raw/rain/spatial rules where applicable,NO_NA_IN_FROZEN_LAYER,${PROJECT_ROOT}\data\06_hard_control\01b_revised_matching_protocol\revised_hard_control_01.py,transform_and_blocks/build_parent20_superset
Hiroshima 2018,rain_1h_mm,rain_1h_mm,SHORT_TERM_TRIGGER,COMMON_EVENT_ANCHOR_OR_EARLIER,CONTINUOUS,NOT_USED_IN_MATCHING,NONE,NONE,N/A,,FEASIBILITY_BLOCK_OR_CALIPER,raw/rain/spatial rules where applicable,NO_NA_IN_FROZEN_LAYER,${PROJECT_ROOT}\data\06_hard_control\01b_revised_matching_protocol\revised_hard_control_01.py,transform_and_blocks/build_parent20_superset
Hiroshima 2018,rain_3h_mm,rain_3h_mm,SHORT_TERM_TRIGGER,COMMON_EVENT_ANCHOR_OR_EARLIER,CONTINUOUS,NOT_USED_IN_MATCHING,NONE,NONE,N/A,,FEASIBILITY_BLOCK_OR_CALIPER,raw/rain/spatial rules where applicable,NO_NA_IN_FROZEN_LAYER,${PROJECT_ROOT}\data\06_hard_control\01b_revised_matching_protocol\revised_hard_control_01.py,transform_and_blocks/build_parent20_superset
Hiroshima 2018,rain_6h_mm,rain_6h_mm,SHORT_TERM_TRIGGER,COMMON_EVENT_ANCHOR_OR_EARLIER,CONTINUOUS,NOT_USED_IN_MATCHING,NONE,NONE,N/A,,FEASIBILITY_BLOCK_OR_CALIPER,raw/rain/spatial rules where applicable,NO_NA_IN_FROZEN_LAYER,${PROJECT_ROOT}\data\06_hard_control\01b_revised_matching_protocol\revised_hard_control_01.py,transform_and_blocks/build_parent20_superset
Hiroshima 2018,rain_12h_mm,rain_12h_mm,SHORT_TERM_TRIGGER,COMMON_EVENT_ANCHOR_OR_EARLIER,CONTINUOUS,NOT_USED_IN_MATCHING,NONE,NONE,N/A,,FEASIBILITY_BLOCK_OR_CALIPER,raw/rain/spatial rules where applicable,NO_NA_IN_FROZEN_LAYER,${PROJECT_ROOT}\data\06_hard_control\01b_revised_matching_protocol\revised_hard_control_01.py,transform_and_blocks/build_parent20_superset
Hiroshima 2018,soil_clay_0_5cm,soil_clay_0_5cm,SOIL,PRE_EVENT_STATIC,CONTINUOUS,MATCHING_COST,FIELDWISE_ROBUST_SCALING,(transform(x)-joint median)/joint IQR,event positive + candidate pool jointly,0.15,SOIL,raw/rain/spatial rules where applicable,SOIL_COMPLETE_TO_COMPLETE_OR_ALL_MISSING_TO_ALL_MISSING; NO_IMPUTATION,${PROJECT_ROOT}\data\06_hard_control\01b_revised_matching_protocol\revised_hard_control_01.py,transform_and_blocks/build_parent20_superset
Hiroshima 2018,soil_clay_5_15cm,soil_clay_5_15cm,SOIL,PRE_EVENT_STATIC,CONTINUOUS,MATCHING_COST,FIELDWISE_ROBUST_SCALING,(transform(x)-joint median)/joint IQR,event positive + candidate pool jointly,0.15,SOIL,raw/rain/spatial rules where applicable,SOIL_COMPLETE_TO_COMPLETE_OR_ALL_MISSING_TO_ALL_MISSING; NO_IMPUTATION,${PROJECT_ROOT}\data\06_hard_control\01b_revised_matching_protocol\revised_hard_control_01.py,transform_and_blocks/build_parent20_superset
Hiroshima 2018,soil_clay_15_30cm,soil_clay_15_30cm,SOIL,PRE_EVENT_STATIC,CONTINUOUS,MATCHING_COST,FIELDWISE_ROBUST_SCALING,(transform(x)-joint median)/joint IQR,event positive + candidate pool jointly,0.15,SOIL,raw/rain/spatial rules where applicable,SOIL_COMPLETE_TO_COMPLETE_OR_ALL_MISSING_TO_ALL_MISSING; NO_IMPUTATION,${PROJECT_ROOT}\data\06_hard_control\01b_revised_matching_protocol\revised_hard_control_01.py,transform_and_blocks/build_parent20_superset
Hiroshima 2018,soil_sand_0_5cm,soil_sand_0_5cm,SOIL,PRE_EVENT_STATIC,CONTINUOUS,MATCHING_COST,FIELDWISE_ROBUST_SCALING,(transform(x)-joint median)/joint IQR,event positive + candidate pool jointly,0.15,SOIL,raw/rain/spatial rules where applicable,SOIL_COMPLETE_TO_COMPLETE_OR_ALL_MISSING_TO_ALL_MISSING; NO_IMPUTATION,${PROJECT_ROOT}\data\06_hard_control\01b_revised_matching_protocol\revised_hard_control_01.py,transform_and_blocks/build_parent20_superset
Hiroshima 2018,soil_sand_5_15cm,soil_sand_5_15cm,SOIL,PRE_EVENT_STATIC,CONTINUOUS,MATCHING_COST,FIELDWISE_ROBUST_SCALING,(transform(x)-joint median)/joint IQR,event positive + candidate pool jointly,0.15,SOIL,raw/rain/spatial rules where applicable,SOIL_COMPLETE_TO_COMPLETE_OR_ALL_MISSING_TO_ALL_MISSING; NO_IMPUTATION,${PROJECT_ROOT}\data\06_hard_control\01b_revised_matching_protocol\revised_hard_control_01.py,transform_and_blocks/build_parent20_superset
Hiroshima 2018,soil_sand_15_30cm,soil_sand_15_30cm,SOIL,PRE_EVENT_STATIC,CONTINUOUS,MATCHING_COST,FIELDWISE_ROBUST_SCALING,(transform(x)-joint median)/joint IQR,event positive + candidate pool jointly,0.15,SOIL,raw/rain/spatial rules where applicable,SOIL_COMPLETE_TO_COMPLETE_OR_ALL_MISSING_TO_ALL_MISSING; NO_IMPUTATION,${PROJECT_ROOT}\data\06_hard_control\01b_revised_matching_protocol\revised_hard_control_01.py,transform_and_blocks/build_parent20_superset
Hiroshima 2018,soil_silt_0_5cm,soil_silt_0_5cm,SOIL,PRE_EVENT_STATIC,CONTINUOUS,MATCHING_COST,FIELDWISE_ROBUST_SCALING,(transform(x)-joint median)/joint IQR,event positive + candidate pool jointly,0.15,SOIL,raw/rain/spatial rules where applicable,SOIL_COMPLETE_TO_COMPLETE_OR_ALL_MISSING_TO_ALL_MISSING; NO_IMPUTATION,${PROJECT_ROOT}\data\06_hard_control\01b_revised_matching_protocol\revised_hard_control_01.py,transform_and_blocks/build_parent20_superset
Hiroshima 2018,soil_silt_5_15cm,soil_silt_5_15cm,SOIL,PRE_EVENT_STATIC,CONTINUOUS,MATCHING_COST,FIELDWISE_ROBUST_SCALING,(transform(x)-joint median)/joint IQR,event positive + candidate pool jointly,0.15,SOIL,raw/rain/spatial rules where applicable,SOIL_COMPLETE_TO_COMPLETE_OR_ALL_MISSING_TO_ALL_MISSING; NO_IMPUTATION,${PROJECT_ROOT}\data\06_hard_control\01b_revised_matching_protocol\revised_hard_control_01.py,transform_and_blocks/build_parent20_superset
Hiroshima 2018,soil_silt_15_30cm,soil_silt_15_30cm,SOIL,PRE_EVENT_STATIC,CONTINUOUS,MATCHING_COST,FIELDWISE_ROBUST_SCALING,(transform(x)-joint median)/joint IQR,event positive + candidate pool jointly,0.15,SOIL,raw/rain/spatial rules where applicable,SOIL_COMPLETE_TO_COMPLETE_OR_ALL_MISSING_TO_ALL_MISSING; NO_IMPUTATION,${PROJECT_ROOT}\data\06_hard_control\01b_revised_matching_protocol\revised_hard_control_01.py,transform_and_blocks/build_parent20_superset
Hiroshima 2018,soil_bdod_0_5cm,soil_bdod_0_5cm,SOIL,PRE_EVENT_STATIC,CONTINUOUS,MATCHING_COST,FIELDWISE_ROBUST_SCALING,(transform(x)-joint median)/joint IQR,event positive + candidate pool jointly,0.15,SOIL,raw/rain/spatial rules where applicable,SOIL_COMPLETE_TO_COMPLETE_OR_ALL_MISSING_TO_ALL_MISSING; NO_IMPUTATION,${PROJECT_ROOT}\data\06_hard_control\01b_revised_matching_protocol\revised_hard_control_01.py,transform_and_blocks/build_parent20_superset
Hiroshima 2018,soil_bdod_5_15cm,soil_bdod_5_15cm,SOIL,PRE_EVENT_STATIC,CONTINUOUS,MATCHING_COST,FIELDWISE_ROBUST_SCALING,(transform(x)-joint median)/joint IQR,event positive + candidate pool jointly,0.15,SOIL,raw/rain/spatial rules where applicable,SOIL_COMPLETE_TO_COMPLETE_OR_ALL_MISSING_TO_ALL_MISSING; NO_IMPUTATION,${PROJECT_ROOT}\data\06_hard_control\01b_revised_matching_protocol\revised_hard_control_01.py,transform_and_blocks/build_parent20_superset
Hiroshima 2018,soil_bdod_15_30cm,soil_bdod_15_30cm,SOIL,PRE_EVENT_STATIC,CONTINUOUS,MATCHING_COST,FIELDWISE_ROBUST_SCALING,(transform(x)-joint median)/joint IQR,event positive + candidate pool jointly,0.15,SOIL,raw/rain/spatial rules where applicable,SOIL_COMPLETE_TO_COMPLETE_OR_ALL_MISSING_TO_ALL_MISSING; NO_IMPUTATION,${PROJECT_ROOT}\data\06_hard_control\01b_revised_matching_protocol\revised_hard_control_01.py,transform_and_blocks/build_parent20_superset
Hiroshima 2018,soil_soc_0_5cm,soil_soc_0_5cm,SOIL,PRE_EVENT_STATIC,CONTINUOUS,MATCHING_COST,FIELDWISE_ROBUST_SCALING,(transform(x)-joint median)/joint IQR,event positive + candidate pool jointly,0.15,SOIL,raw/rain/spatial rules where applicable,SOIL_COMPLETE_TO_COMPLETE_OR_ALL_MISSING_TO_ALL_MISSING; NO_IMPUTATION,${PROJECT_ROOT}\data\06_hard_control\01b_revised_matching_protocol\revised_hard_control_01.py,transform_and_blocks/build_parent20_superset
Hiroshima 2018,soil_soc_5_15cm,soil_soc_5_15cm,SOIL,PRE_EVENT_STATIC,CONTINUOUS,MATCHING_COST,FIELDWISE_ROBUST_SCALING,(transform(x)-joint median)/joint IQR,event positive + candidate pool jointly,0.15,SOIL,raw/rain/spatial rules where applicable,SOIL_COMPLETE_TO_COMPLETE_OR_ALL_MISSING_TO_ALL_MISSING; NO_IMPUTATION,${PROJECT_ROOT}\data\06_hard_control\01b_revised_matching_protocol\revised_hard_control_01.py,transform_and_blocks/build_parent20_superset
Hiroshima 2018,soil_soc_15_30cm,soil_soc_15_30cm,SOIL,PRE_EVENT_STATIC,CONTINUOUS,MATCHING_COST,FIELDWISE_ROBUST_SCALING,(transform(x)-joint median)/joint IQR,event positive + candidate pool jointly,0.15,SOIL,raw/rain/spatial rules where applicable,SOIL_COMPLETE_TO_COMPLETE_OR_ALL_MISSING_TO_ALL_MISSING; NO_IMPUTATION,${PROJECT_ROOT}\data\06_hard_control\01b_revised_matching_protocol\revised_hard_control_01.py,transform_and_blocks/build_parent20_superset
Hiroshima 2018,soil_cec_0_5cm,soil_cec_0_5cm,SOIL,PRE_EVENT_STATIC,CONTINUOUS,MATCHING_COST,FIELDWISE_ROBUST_SCALING,(transform(x)-joint median)/joint IQR,event positive + candidate pool jointly,0.15,SOIL,raw/rain/spatial rules where applicable,SOIL_COMPLETE_TO_COMPLETE_OR_ALL_MISSING_TO_ALL_MISSING; NO_IMPUTATION,${PROJECT_ROOT}\data\06_hard_control\01b_revised_matching_protocol\revised_hard_control_01.py,transform_and_blocks/build_parent20_superset
Hiroshima 2018,soil_cec_5_15cm,soil_cec_5_15cm,SOIL,PRE_EVENT_STATIC,CONTINUOUS,MATCHING_COST,FIELDWISE_ROBUST_SCALING,(transform(x)-joint median)/joint IQR,event positive + candidate pool jointly,0.15,SOIL,raw/rain/spatial rules where applicable,SOIL_COMPLETE_TO_COMPLETE_OR_ALL_MISSING_TO_ALL_MISSING; NO_IMPUTATION,${PROJECT_ROOT}\data\06_hard_control\01b_revised_matching_protocol\revised_hard_control_01.py,transform_and_blocks/build_parent20_superset
Hiroshima 2018,soil_cec_15_30cm,soil_cec_15_30cm,SOIL,PRE_EVENT_STATIC,CONTINUOUS,MATCHING_COST,FIELDWISE_ROBUST_SCALING,(transform(x)-joint median)/joint IQR,event positive + candidate pool jointly,0.15,SOIL,raw/rain/spatial rules where applicable,SOIL_COMPLETE_TO_COMPLETE_OR_ALL_MISSING_TO_ALL_MISSING; NO_IMPUTATION,${PROJECT_ROOT}\data\06_hard_control\01b_revised_matching_protocol\revised_hard_control_01.py,transform_and_blocks/build_parent20_superset
Kyushu 2017,geology_dominant_class,geology_dominant_class,EXACT_BLOCK,STATIC,CATEGORICAL,MATCHING_FEASIBILITY,NONE,NONE,N/A,,FEASIBILITY_BLOCK_OR_CALIPER,raw/rain/spatial rules where applicable,NA_MATCHES_NA_ONLY,${PROJECT_ROOT}\scripts\kyushu_match_01.py,transform_and_blocks/build_parent20_superset
Kyushu 2017,matching_missingness_pattern_id,matching_missingness_pattern_id,EXACT_BLOCK,STATIC_AND_ANCHOR,CATEGORICAL,MATCHING_FEASIBILITY,NONE,NONE,N/A,,FEASIBILITY_BLOCK_OR_CALIPER,raw/rain/spatial rules where applicable,EXACT_PATTERN,${PROJECT_ROOT}\scripts\kyushu_match_01.py,transform_and_blocks/build_parent20_superset
Kyushu 2017,dem_elevation_mean,dem_elevation_mean,TERRAIN,PRE_EVENT_STATIC,CONTINUOUS,MATCHING_COST,ROBUST_SCALE,(transform(x)-joint median)/joint IQR,event positive + candidate pool jointly,0.3,TERRAIN,raw/rain/spatial rules where applicable,PAIRWISE_SAME_MISSINGNESS; NO_IMPUTATION,${PROJECT_ROOT}\scripts\kyushu_match_01.py,transform_and_blocks/build_parent20_superset
Kyushu 2017,dem_slope_mean,dem_slope_mean,TERRAIN,PRE_EVENT_STATIC,CONTINUOUS,MATCHING_COST,ROBUST_SCALE,(transform(x)-joint median)/joint IQR,event positive + candidate pool jointly,0.3,TERRAIN,raw/rain/spatial rules where applicable,PAIRWISE_SAME_MISSINGNESS; NO_IMPUTATION,${PROJECT_ROOT}\scripts\kyushu_match_01.py,transform_and_blocks/build_parent20_superset
Kyushu 2017,dem_profile_curvature_mean,dem_profile_curvature_mean,TERRAIN,PRE_EVENT_STATIC,CONTINUOUS,MATCHING_COST,ROBUST_SCALE,(transform(x)-joint median)/joint IQR,event positive + candidate pool jointly,0.3,TERRAIN,raw/rain/spatial rules where applicable,PAIRWISE_SAME_MISSINGNESS; NO_IMPUTATION,${PROJECT_ROOT}\scripts\kyushu_match_01.py,transform_and_blocks/build_parent20_superset
Kyushu 2017,dem_plan_curvature_mean,dem_plan_curvature_mean,TERRAIN,PRE_EVENT_STATIC,CONTINUOUS,MATCHING_COST,ROBUST_SCALE,(transform(x)-joint median)/joint IQR,event positive + candidate pool jointly,0.3,TERRAIN,raw/rain/spatial rules where applicable,PAIRWISE_SAME_MISSINGNESS; NO_IMPUTATION,${PROJECT_ROOT}\scripts\kyushu_match_01.py,transform_and_blocks/build_parent20_superset
Kyushu 2017,dem_twi_mean,dem_twi_mean,TERRAIN,PRE_EVENT_STATIC,CONTINUOUS,MATCHING_COST,ROBUST_SCALE,(transform(x)-joint median)/joint IQR,event positive + candidate pool jointly,0.3,TERRAIN,raw/rain/spatial rules where applicable,PAIRWISE_SAME_MISSINGNESS; NO_IMPUTATION,${PROJECT_ROOT}\scripts\kyushu_match_01.py,transform_and_blocks/build_parent20_superset
Kyushu 2017,ndvi_pre_event,ndvi_pre_event,LANDCOVER_VEGETATION,PRE_EVENT_STATIC,CONTINUOUS,MATCHING_COST,ROBUST_SCALE,(transform(x)-joint median)/joint IQR,event positive + candidate pool jointly,0.15,LANDCOVER_VEGETATION,raw/rain/spatial rules where applicable,PAIRWISE_SAME_MISSINGNESS; NO_IMPUTATION,${PROJECT_ROOT}\scripts\kyushu_match_01.py,transform_and_blocks/build_parent20_superset
Kyushu 2017,lc_tree_ratio,lc_tree_ratio,LANDCOVER_VEGETATION,PRE_EVENT_STATIC,CONTINUOUS,MATCHING_COST,ROBUST_SCALE,(transform(x)-joint median)/joint IQR,event positive + candidate pool jointly,0.15,LANDCOVER_VEGETATION,raw/rain/spatial rules where applicable,PAIRWISE_SAME_MISSINGNESS; NO_IMPUTATION,${PROJECT_ROOT}\scripts\kyushu_match_01.py,transform_and_blocks/build_parent20_superset
Kyushu 2017,lc_shrub_ratio,lc_shrub_ratio,LANDCOVER_VEGETATION,PRE_EVENT_STATIC,CONTINUOUS,MATCHING_COST,ROBUST_SCALE,(transform(x)-joint median)/joint IQR,event positive + candidate pool jointly,0.15,LANDCOVER_VEGETATION,raw/rain/spatial rules where applicable,PAIRWISE_SAME_MISSINGNESS; NO_IMPUTATION,${PROJECT_ROOT}\scripts\kyushu_match_01.py,transform_and_blocks/build_parent20_superset
Kyushu 2017,lc_grass_ratio,lc_grass_ratio,LANDCOVER_VEGETATION,PRE_EVENT_STATIC,CONTINUOUS,MATCHING_COST,ROBUST_SCALE,(transform(x)-joint median)/joint IQR,event positive + candidate pool jointly,0.15,LANDCOVER_VEGETATION,raw/rain/spatial rules where applicable,PAIRWISE_SAME_MISSINGNESS; NO_IMPUTATION,${PROJECT_ROOT}\scripts\kyushu_match_01.py,transform_and_blocks/build_parent20_superset
Kyushu 2017,lc_crops_ratio,lc_crops_ratio,LANDCOVER_VEGETATION,PRE_EVENT_STATIC,CONTINUOUS,MATCHING_COST,ROBUST_SCALE,(transform(x)-joint median)/joint IQR,event positive + candidate pool jointly,0.15,LANDCOVER_VEGETATION,raw/rain/spatial rules where applicable,PAIRWISE_SAME_MISSINGNESS; NO_IMPUTATION,${PROJECT_ROOT}\scripts\kyushu_match_01.py,transform_and_blocks/build_parent20_superset
Kyushu 2017,lc_builtup_ratio,lc_builtup_ratio,LANDCOVER_VEGETATION,PRE_EVENT_STATIC,CONTINUOUS,MATCHING_COST,ROBUST_SCALE,(transform(x)-joint median)/joint IQR,event positive + candidate pool jointly,0.15,LANDCOVER_VEGETATION,raw/rain/spatial rules where applicable,PAIRWISE_SAME_MISSINGNESS; NO_IMPUTATION,${PROJECT_ROOT}\scripts\kyushu_match_01.py,transform_and_blocks/build_parent20_superset
Kyushu 2017,lc_bare_ratio,lc_bare_ratio,LANDCOVER_VEGETATION,PRE_EVENT_STATIC,CONTINUOUS,MATCHING_COST,ROBUST_SCALE,(transform(x)-joint median)/joint IQR,event positive + candidate pool jointly,0.15,LANDCOVER_VEGETATION,raw/rain/spatial rules where applicable,PAIRWISE_SAME_MISSINGNESS; NO_IMPUTATION,${PROJECT_ROOT}\scripts\kyushu_match_01.py,transform_and_blocks/build_parent20_superset
Kyushu 2017,lc_permanent_water_ratio,lc_permanent_water_ratio,LANDCOVER_VEGETATION,PRE_EVENT_STATIC,CONTINUOUS,NOT_USED_IN_MATCHING,ROBUST_SCALE,NONE,event positive + candidate pool jointly,0.15,FEASIBILITY_BLOCK_OR_CALIPER,raw/rain/spatial rules where applicable,PAIRWISE_SAME_MISSINGNESS; NO_IMPUTATION,${PROJECT_ROOT}\scripts\kyushu_match_01.py,transform_and_blocks/build_parent20_superset
Kyushu 2017,lc_seasonal_water_ratio,lc_seasonal_water_ratio,LANDCOVER_VEGETATION,PRE_EVENT_STATIC,CONTINUOUS,NOT_USED_IN_MATCHING,ROBUST_SCALE,NONE,event positive + candidate pool jointly,0.15,FEASIBILITY_BLOCK_OR_CALIPER,raw/rain/spatial rules where applicable,PAIRWISE_SAME_MISSINGNESS; NO_IMPUTATION,${PROJECT_ROOT}\scripts\kyushu_match_01.py,transform_and_blocks/build_parent20_superset
Kyushu 2017,river_distance_to_osm_river_m,river_distance_to_osm_river_m,HYDRO_DISTANCE,PRE_EVENT_STATIC,CONTINUOUS,MATCHING_COST,LOG1P_THEN_ROBUST_SCALE,(transform(x)-joint median)/joint IQR,event positive + candidate pool jointly,0.15,HYDRO_DISTANCE,raw/rain/spatial rules where applicable,PAIRWISE_SAME_MISSINGNESS; NO_IMPUTATION,${PROJECT_ROOT}\scripts\kyushu_match_01.py,transform_and_blocks/build_parent20_superset
Kyushu 2017,hydro_hnd_zonal_mean_m,hydro_hnd_zonal_mean_m,HYDRO_DISTANCE,PRE_EVENT_STATIC,CONTINUOUS,MATCHING_COST,ROBUST_SCALE,(transform(x)-joint median)/joint IQR,event positive + candidate pool jointly,0.15,HYDRO_DISTANCE,raw/rain/spatial rules where applicable,PAIRWISE_SAME_MISSINGNESS; NO_IMPUTATION,${PROJECT_ROOT}\scripts\kyushu_match_01.py,transform_and_blocks/build_parent20_superset
Kyushu 2017,hydro_upa_zonal_mean_log1p,hydro_upa_zonal_mean_log1p,HYDRO_DISTANCE,PRE_EVENT_STATIC,CONTINUOUS,MATCHING_COST,KEEP_EXISTING_LOG1P_THEN_ROBUST_SCALE,(transform(x)-joint median)/joint IQR,event positive + candidate pool jointly,0.15,HYDRO_DISTANCE,raw/rain/spatial rules where applicable,PAIRWISE_SAME_MISSINGNESS; NO_IMPUTATION,${PROJECT_ROOT}\scripts\kyushu_match_01.py,transform_and_blocks/build_parent20_superset
Kyushu 2017,road_distance_to_any_road_m,road_distance_to_any_road_m,ACCESSIBILITY_DISTANCE,PRE_EVENT_STATIC,CONTINUOUS,MATCHING_COST,LOG1P_THEN_ROBUST_SCALE,(transform(x)-joint median)/joint IQR,event positive + candidate pool jointly,0.05,ACCESSIBILITY_DISTANCE,raw/rain/spatial rules where applicable,PAIRWISE_SAME_MISSINGNESS; NO_IMPUTATION,${PROJECT_ROOT}\scripts\kyushu_match_01.py,transform_and_blocks/build_parent20_superset
Kyushu 2017,road_distance_to_major_road_m,road_distance_to_major_road_m,ACCESSIBILITY_DISTANCE,PRE_EVENT_STATIC,CONTINUOUS,MATCHING_COST,LOG1P_THEN_ROBUST_SCALE,(transform(x)-joint median)/joint IQR,event positive + candidate pool jointly,0.05,ACCESSIBILITY_DISTANCE,raw/rain/spatial rules where applicable,PAIRWISE_SAME_MISSINGNESS; NO_IMPUTATION,${PROJECT_ROOT}\scripts\kyushu_match_01.py,transform_and_blocks/build_parent20_superset
Kyushu 2017,coast_distance_to_centroid_m,coast_distance_to_centroid_m,ACCESSIBILITY_DISTANCE,PRE_EVENT_STATIC,CONTINUOUS,MATCHING_COST,LOG1P_THEN_ROBUST_SCALE,(transform(x)-joint median)/joint IQR,event positive + candidate pool jointly,0.05,ACCESSIBILITY_DISTANCE,raw/rain/spatial rules where applicable,PAIRWISE_SAME_MISSINGNESS; NO_IMPUTATION,${PROJECT_ROOT}\scripts\kyushu_match_01.py,transform_and_blocks/build_parent20_superset
Kyushu 2017,rain_24h_mm,rain_24h_mm,ANTECEDENT_RAINFALL,COMMON_EVENT_ANCHOR_OR_EARLIER,CONTINUOUS,MATCHING_COST,LOG1P_THEN_ROBUST_SCALE,(transform(x)-joint median)/joint IQR,event positive + candidate pool jointly,0.2,ANTECEDENT_RAINFALL,raw/rain/spatial rules where applicable,PAIRWISE_SAME_MISSINGNESS; NO_IMPUTATION,${PROJECT_ROOT}\scripts\kyushu_match_01.py,transform_and_blocks/build_parent20_superset
Kyushu 2017,rain_72h_mm,rain_72h_mm,ANTECEDENT_RAINFALL,COMMON_EVENT_ANCHOR_OR_EARLIER,CONTINUOUS,MATCHING_COST,LOG1P_THEN_ROBUST_SCALE,(transform(x)-joint median)/joint IQR,event positive + candidate pool jointly,0.2,ANTECEDENT_RAINFALL,raw/rain/spatial rules where applicable,PAIRWISE_SAME_MISSINGNESS; NO_IMPUTATION,${PROJECT_ROOT}\scripts\kyushu_match_01.py,transform_and_blocks/build_parent20_superset
Kyushu 2017,rain_120h_mm,rain_120h_mm,ANTECEDENT_RAINFALL,COMMON_EVENT_ANCHOR_OR_EARLIER,CONTINUOUS,MATCHING_COST,LOG1P_THEN_ROBUST_SCALE,(transform(x)-joint median)/joint IQR,event positive + candidate pool jointly,0.2,ANTECEDENT_RAINFALL,raw/rain/spatial rules where applicable,PAIRWISE_SAME_MISSINGNESS; NO_IMPUTATION,${PROJECT_ROOT}\scripts\kyushu_match_01.py,transform_and_blocks/build_parent20_superset
Kyushu 2017,api_k090_step30m_120h,api_k090_step30m_120h,ANTECEDENT_RAINFALL,COMMON_EVENT_ANCHOR_OR_EARLIER,CONTINUOUS,MATCHING_COST,LOG1P_THEN_ROBUST_SCALE,(transform(x)-joint median)/joint IQR,event positive + candidate pool jointly,0.2,ANTECEDENT_RAINFALL,raw/rain/spatial rules where applicable,PAIRWISE_SAME_MISSINGNESS; NO_IMPUTATION,${PROJECT_ROOT}\scripts\kyushu_match_01.py,transform_and_blocks/build_parent20_superset
Kyushu 2017,spatial_distance_m,spatial_distance_m,SPATIAL_CONSTRAINT,STATIC_LOCATION_CONSTRAINT,CONTINUOUS,MATCHING_FEASIBILITY,NONE,NONE,N/A,,FEASIBILITY_BLOCK_OR_CALIPER,raw/rain/spatial rules where applicable,MUST_BE_FINITE,${PROJECT_ROOT}\scripts\kyushu_match_01.py,transform_and_blocks/build_parent20_superset
Kyushu 2017,rain_30m_mm,rain_30m_mm,SHORT_TERM_TRIGGER,COMMON_EVENT_ANCHOR_OR_EARLIER,CONTINUOUS,NOT_USED_IN_MATCHING,NONE,NONE,N/A,,FEASIBILITY_BLOCK_OR_CALIPER,raw/rain/spatial rules where applicable,NO_NA_IN_FROZEN_LAYER,${PROJECT_ROOT}\scripts\kyushu_match_01.py,transform_and_blocks/build_parent20_superset
Kyushu 2017,rain_1h_mm,rain_1h_mm,SHORT_TERM_TRIGGER,COMMON_EVENT_ANCHOR_OR_EARLIER,CONTINUOUS,NOT_USED_IN_MATCHING,NONE,NONE,N/A,,FEASIBILITY_BLOCK_OR_CALIPER,raw/rain/spatial rules where applicable,NO_NA_IN_FROZEN_LAYER,${PROJECT_ROOT}\scripts\kyushu_match_01.py,transform_and_blocks/build_parent20_superset
Kyushu 2017,rain_3h_mm,rain_3h_mm,SHORT_TERM_TRIGGER,COMMON_EVENT_ANCHOR_OR_EARLIER,CONTINUOUS,NOT_USED_IN_MATCHING,NONE,NONE,N/A,,FEASIBILITY_BLOCK_OR_CALIPER,raw/rain/spatial rules where applicable,NO_NA_IN_FROZEN_LAYER,${PROJECT_ROOT}\scripts\kyushu_match_01.py,transform_and_blocks/build_parent20_superset
Kyushu 2017,rain_6h_mm,rain_6h_mm,SHORT_TERM_TRIGGER,COMMON_EVENT_ANCHOR_OR_EARLIER,CONTINUOUS,NOT_USED_IN_MATCHING,NONE,NONE,N/A,,FEASIBILITY_BLOCK_OR_CALIPER,raw/rain/spatial rules where applicable,NO_NA_IN_FROZEN_LAYER,${PROJECT_ROOT}\scripts\kyushu_match_01.py,transform_and_blocks/build_parent20_superset
Kyushu 2017,rain_12h_mm,rain_12h_mm,SHORT_TERM_TRIGGER,COMMON_EVENT_ANCHOR_OR_EARLIER,CONTINUOUS,NOT_USED_IN_MATCHING,NONE,NONE,N/A,,FEASIBILITY_BLOCK_OR_CALIPER,raw/rain/spatial rules where applicable,NO_NA_IN_FROZEN_LAYER,${PROJECT_ROOT}\scripts\kyushu_match_01.py,transform_and_blocks/build_parent20_superset
Kyushu 2017,soil_clay_0_5cm,soil_clay_0_5cm,SOIL,PRE_EVENT_STATIC,CONTINUOUS,MATCHING_COST,FIELDWISE_ROBUST_SCALING,(transform(x)-joint median)/joint IQR,event positive + candidate pool jointly,0.15,SOIL,raw/rain/spatial rules where applicable,SOIL_COMPLETE_TO_COMPLETE_OR_ALL_MISSING_TO_ALL_MISSING; NO_IMPUTATION,${PROJECT_ROOT}\scripts\kyushu_match_01.py,transform_and_blocks/build_parent20_superset
Kyushu 2017,soil_clay_5_15cm,soil_clay_5_15cm,SOIL,PRE_EVENT_STATIC,CONTINUOUS,MATCHING_COST,FIELDWISE_ROBUST_SCALING,(transform(x)-joint median)/joint IQR,event positive + candidate pool jointly,0.15,SOIL,raw/rain/spatial rules where applicable,SOIL_COMPLETE_TO_COMPLETE_OR_ALL_MISSING_TO_ALL_MISSING; NO_IMPUTATION,${PROJECT_ROOT}\scripts\kyushu_match_01.py,transform_and_blocks/build_parent20_superset
Kyushu 2017,soil_clay_15_30cm,soil_clay_15_30cm,SOIL,PRE_EVENT_STATIC,CONTINUOUS,MATCHING_COST,FIELDWISE_ROBUST_SCALING,(transform(x)-joint median)/joint IQR,event positive + candidate pool jointly,0.15,SOIL,raw/rain/spatial rules where applicable,SOIL_COMPLETE_TO_COMPLETE_OR_ALL_MISSING_TO_ALL_MISSING; NO_IMPUTATION,${PROJECT_ROOT}\scripts\kyushu_match_01.py,transform_and_blocks/build_parent20_superset
Kyushu 2017,soil_sand_0_5cm,soil_sand_0_5cm,SOIL,PRE_EVENT_STATIC,CONTINUOUS,MATCHING_COST,FIELDWISE_ROBUST_SCALING,(transform(x)-joint median)/joint IQR,event positive + candidate pool jointly,0.15,SOIL,raw/rain/spatial rules where applicable,SOIL_COMPLETE_TO_COMPLETE_OR_ALL_MISSING_TO_ALL_MISSING; NO_IMPUTATION,${PROJECT_ROOT}\scripts\kyushu_match_01.py,transform_and_blocks/build_parent20_superset
Kyushu 2017,soil_sand_5_15cm,soil_sand_5_15cm,SOIL,PRE_EVENT_STATIC,CONTINUOUS,MATCHING_COST,FIELDWISE_ROBUST_SCALING,(transform(x)-joint median)/joint IQR,event positive + candidate pool jointly,0.15,SOIL,raw/rain/spatial rules where applicable,SOIL_COMPLETE_TO_COMPLETE_OR_ALL_MISSING_TO_ALL_MISSING; NO_IMPUTATION,${PROJECT_ROOT}\scripts\kyushu_match_01.py,transform_and_blocks/build_parent20_superset
Kyushu 2017,soil_sand_15_30cm,soil_sand_15_30cm,SOIL,PRE_EVENT_STATIC,CONTINUOUS,MATCHING_COST,FIELDWISE_ROBUST_SCALING,(transform(x)-joint median)/joint IQR,event positive + candidate pool jointly,0.15,SOIL,raw/rain/spatial rules where applicable,SOIL_COMPLETE_TO_COMPLETE_OR_ALL_MISSING_TO_ALL_MISSING; NO_IMPUTATION,${PROJECT_ROOT}\scripts\kyushu_match_01.py,transform_and_blocks/build_parent20_superset
Kyushu 2017,soil_silt_0_5cm,soil_silt_0_5cm,SOIL,PRE_EVENT_STATIC,CONTINUOUS,MATCHING_COST,FIELDWISE_ROBUST_SCALING,(transform(x)-joint median)/joint IQR,event positive + candidate pool jointly,0.15,SOIL,raw/rain/spatial rules where applicable,SOIL_COMPLETE_TO_COMPLETE_OR_ALL_MISSING_TO_ALL_MISSING; NO_IMPUTATION,${PROJECT_ROOT}\scripts\kyushu_match_01.py,transform_and_blocks/build_parent20_superset
Kyushu 2017,soil_silt_5_15cm,soil_silt_5_15cm,SOIL,PRE_EVENT_STATIC,CONTINUOUS,MATCHING_COST,FIELDWISE_ROBUST_SCALING,(transform(x)-joint median)/joint IQR,event positive + candidate pool jointly,0.15,SOIL,raw/rain/spatial rules where applicable,SOIL_COMPLETE_TO_COMPLETE_OR_ALL_MISSING_TO_ALL_MISSING; NO_IMPUTATION,${PROJECT_ROOT}\scripts\kyushu_match_01.py,transform_and_blocks/build_parent20_superset
Kyushu 2017,soil_silt_15_30cm,soil_silt_15_30cm,SOIL,PRE_EVENT_STATIC,CONTINUOUS,MATCHING_COST,FIELDWISE_ROBUST_SCALING,(transform(x)-joint median)/joint IQR,event positive + candidate pool jointly,0.15,SOIL,raw/rain/spatial rules where applicable,SOIL_COMPLETE_TO_COMPLETE_OR_ALL_MISSING_TO_ALL_MISSING; NO_IMPUTATION,${PROJECT_ROOT}\scripts\kyushu_match_01.py,transform_and_blocks/build_parent20_superset
Kyushu 2017,soil_bdod_0_5cm,soil_bdod_0_5cm,SOIL,PRE_EVENT_STATIC,CONTINUOUS,MATCHING_COST,FIELDWISE_ROBUST_SCALING,(transform(x)-joint median)/joint IQR,event positive + candidate pool jointly,0.15,SOIL,raw/rain/spatial rules where applicable,SOIL_COMPLETE_TO_COMPLETE_OR_ALL_MISSING_TO_ALL_MISSING; NO_IMPUTATION,${PROJECT_ROOT}\scripts\kyushu_match_01.py,transform_and_blocks/build_parent20_superset
Kyushu 2017,soil_bdod_5_15cm,soil_bdod_5_15cm,SOIL,PRE_EVENT_STATIC,CONTINUOUS,MATCHING_COST,FIELDWISE_ROBUST_SCALING,(transform(x)-joint median)/joint IQR,event positive + candidate pool jointly,0.15,SOIL,raw/rain/spatial rules where applicable,SOIL_COMPLETE_TO_COMPLETE_OR_ALL_MISSING_TO_ALL_MISSING; NO_IMPUTATION,${PROJECT_ROOT}\scripts\kyushu_match_01.py,transform_and_blocks/build_parent20_superset
Kyushu 2017,soil_bdod_15_30cm,soil_bdod_15_30cm,SOIL,PRE_EVENT_STATIC,CONTINUOUS,MATCHING_COST,FIELDWISE_ROBUST_SCALING,(transform(x)-joint median)/joint IQR,event positive + candidate pool jointly,0.15,SOIL,raw/rain/spatial rules where applicable,SOIL_COMPLETE_TO_COMPLETE_OR_ALL_MISSING_TO_ALL_MISSING; NO_IMPUTATION,${PROJECT_ROOT}\scripts\kyushu_match_01.py,transform_and_blocks/build_parent20_superset
Kyushu 2017,soil_soc_0_5cm,soil_soc_0_5cm,SOIL,PRE_EVENT_STATIC,CONTINUOUS,MATCHING_COST,FIELDWISE_ROBUST_SCALING,(transform(x)-joint median)/joint IQR,event positive + candidate pool jointly,0.15,SOIL,raw/rain/spatial rules where applicable,SOIL_COMPLETE_TO_COMPLETE_OR_ALL_MISSING_TO_ALL_MISSING; NO_IMPUTATION,${PROJECT_ROOT}\scripts\kyushu_match_01.py,transform_and_blocks/build_parent20_superset
Kyushu 2017,soil_soc_5_15cm,soil_soc_5_15cm,SOIL,PRE_EVENT_STATIC,CONTINUOUS,MATCHING_COST,FIELDWISE_ROBUST_SCALING,(transform(x)-joint median)/joint IQR,event positive + candidate pool jointly,0.15,SOIL,raw/rain/spatial rules where applicable,SOIL_COMPLETE_TO_COMPLETE_OR_ALL_MISSING_TO_ALL_MISSING; NO_IMPUTATION,${PROJECT_ROOT}\scripts\kyushu_match_01.py,transform_and_blocks/build_parent20_superset
Kyushu 2017,soil_soc_15_30cm,soil_soc_15_30cm,SOIL,PRE_EVENT_STATIC,CONTINUOUS,MATCHING_COST,FIELDWISE_ROBUST_SCALING,(transform(x)-joint median)/joint IQR,event positive + candidate pool jointly,0.15,SOIL,raw/rain/spatial rules where applicable,SOIL_COMPLETE_TO_COMPLETE_OR_ALL_MISSING_TO_ALL_MISSING; NO_IMPUTATION,${PROJECT_ROOT}\scripts\kyushu_match_01.py,transform_and_blocks/build_parent20_superset
Kyushu 2017,soil_cec_0_5cm,soil_cec_0_5cm,SOIL,PRE_EVENT_STATIC,CONTINUOUS,MATCHING_COST,FIELDWISE_ROBUST_SCALING,(transform(x)-joint median)/joint IQR,event positive + candidate pool jointly,0.15,SOIL,raw/rain/spatial rules where applicable,SOIL_COMPLETE_TO_COMPLETE_OR_ALL_MISSING_TO_ALL_MISSING; NO_IMPUTATION,${PROJECT_ROOT}\scripts\kyushu_match_01.py,transform_and_blocks/build_parent20_superset
Kyushu 2017,soil_cec_5_15cm,soil_cec_5_15cm,SOIL,PRE_EVENT_STATIC,CONTINUOUS,MATCHING_COST,FIELDWISE_ROBUST_SCALING,(transform(x)-joint median)/joint IQR,event positive + candidate pool jointly,0.15,SOIL,raw/rain/spatial rules where applicable,SOIL_COMPLETE_TO_COMPLETE_OR_ALL_MISSING_TO_ALL_MISSING; NO_IMPUTATION,${PROJECT_ROOT}\scripts\kyushu_match_01.py,transform_and_blocks/build_parent20_superset
Kyushu 2017,soil_cec_15_30cm,soil_cec_15_30cm,SOIL,PRE_EVENT_STATIC,CONTINUOUS,MATCHING_COST,FIELDWISE_ROBUST_SCALING,(transform(x)-joint median)/joint IQR,event positive + candidate pool jointly,0.15,SOIL,raw/rain/spatial rules where applicable,SOIL_COMPLETE_TO_COMPLETE_OR_ALL_MISSING_TO_ALL_MISSING; NO_IMPUTATION,${PROJECT_ROOT}\scripts\kyushu_match_01.py,transform_and_blocks/build_parent20_superset
