event,spatial_block,coordinate_crs,n_sets,xgb_raw_strictpair,xgb_msrr_strictpair,xgb_strictpair_gain,xgb_delta_margin_mean,xgb_delta_margin_median,xgb_delta_positive_fraction,xgb_corrected_fraction,xgb_lost_fraction,consensus_delta_margin_median,consensus_mean_positive_backbones,consensus_all4_positive_fraction,consensus_at_least3_positive_fraction
Hiroshima_2018,X1_Y1,EPSG:6671,555,0.5765765765765766,0.8144144144144144,0.23783783783783785,2.602270574197453,2.5017809948465404,0.8234234234234235,0.2954954954954955,0.05765765765765766,3.131477695073648,3.282882882882883,0.6612612612612613,0.7891891891891892
Hiroshima_2018,X1_Y2,EPSG:6671,355,0.647887323943662,0.8760563380281691,0.22816901408450707,2.7595538420121946,2.6583713219941068,0.8732394366197183,0.27323943661971833,0.04507042253521127,3.0120811273198753,3.5098591549295777,0.7436619718309859,0.856338028169014
Hiroshima_2018,X1_Y3,EPSG:6671,293,0.5426621160409556,0.7030716723549488,0.16040955631399323,1.3709132867939755,1.2092979917556743,0.7474402730375427,0.23890784982935154,0.07849829351535836,1.1492078478404586,2.9795221843003414,0.5426621160409556,0.7167235494880546
Hiroshima_2018,X1_Y4,EPSG:6671,68,0.6029411764705882,0.6617647058823529,0.05882352941176472,0.530005021425694,0.708371478049038,0.6617647058823529,0.23529411764705882,0.17647058823529413,0.7710584078785856,2.6911764705882355,0.4411764705882353,0.6617647058823529
Hiroshima_2018,X2_Y1,EPSG:6671,566,0.6130742049469965,0.8109540636042403,0.19787985865724378,2.014747364940589,1.7890372144242965,0.7985865724381626,0.2703180212014134,0.07243816254416961,1.9248323696686207,3.0441696113074204,0.5812720848056537,0.7332155477031802
Hiroshima_2018,X2_Y2,EPSG:6671,247,0.5222672064777328,0.7692307692307693,0.24696356275303644,2.4753113057595475,1.9755381460559323,0.7854251012145749,0.32388663967611336,0.07692307692307693,1.9993554599505345,3.194331983805668,0.6558704453441295,0.7732793522267206
Hiroshima_2018,X2_Y3,EPSG:6671,278,0.5467625899280576,0.7266187050359713,0.17985611510791366,1.4506919468541248,1.3459273577699964,0.737410071942446,0.2733812949640288,0.09352517985611511,1.276192385890612,2.920863309352518,0.5107913669064749,0.7122302158273381
Hiroshima_2018,X2_Y4,EPSG:6671,170,0.5529411764705883,0.7588235294117647,0.2058823529411764,1.127375602941122,1.0218801332096161,0.7470588235294118,0.2411764705882353,0.03529411764705882,1.0433908291306582,2.9352941176470586,0.5235294117647059,0.711764705882353
Hiroshima_2018,X3_Y1,EPSG:6671,155,0.7096774193548387,0.832258064516129,0.1225806451612903,2.4110890511546548,1.7406981579218201,0.7870967741935484,0.18064516129032257,0.05806451612903226,2.2507339789624505,3.1870967741935483,0.6387096774193548,0.7354838709677419
Hiroshima_2018,X3_Y2,EPSG:6671,468,0.6794871794871795,0.8269230769230769,0.14743589743589736,3.3741805668685396,2.2403036233418643,0.8247863247863247,0.21794871794871795,0.07051282051282051,2.288641915403936,3.2414529914529915,0.6645299145299145,0.7735042735042735
Hiroshima_2018,X3_Y3,EPSG:6671,400,0.6375,0.8125,0.17500000000000004,1.438238648242699,1.3309721068088618,0.73,0.245,0.07,1.434430914393938,2.9625,0.545,0.6925
Hiroshima_2018,X3_Y4,EPSG:6671,238,0.40336134453781514,0.7058823529411765,0.3025210084033614,0.9777593673853054,1.0753873446103093,0.7436974789915967,0.3739495798319328,0.07142857142857142,0.8846257325995638,2.80672268907563,0.453781512605042,0.7058823529411765
Hiroshima_2018,X4_Y2,EPSG:6671,196,0.5255102040816326,0.6938775510204082,0.16836734693877553,0.837655701928047,0.7212858511136222,0.6836734693877551,0.25510204081632654,0.08673469387755102,0.6055602015630126,2.5714285714285716,0.413265306122449,0.5816326530612245
Hiroshima_2018,X4_Y3,EPSG:6671,289,0.4290657439446367,0.6020761245674741,0.17301038062283736,0.5817612885954202,0.4007886001171175,0.6228373702422145,0.2837370242214533,0.11072664359861592,0.33147600281753475,2.411764705882353,0.3806228373702422,0.5259515570934256
Hiroshima_2018,X4_Y4,EPSG:6671,778,0.4524421593830334,0.6169665809768637,0.16452442159383035,0.511219649939173,0.5022099842086443,0.6336760925449871,0.2827763496143959,0.11825192802056556,0.48154818940938837,2.4961439588688945,0.37532133676092544,0.5694087403598972
Kyushu_2017_Asakura_Toho,X1_Y1,EPSG:6670,115,0.26956521739130435,0.30434782608695654,0.034782608695652195,-0.3306022296805789,-0.24606890504234524,0.4260869565217391,0.19130434782608696,0.1565217391304348,0.3639401593287694,2.1652173913043478,0.1826086956521739,0.391304347826087
Kyushu_2017_Asakura_Toho,X1_Y2,EPSG:6670,142,0.4225352112676056,0.4014084507042254,-0.021126760563380254,-0.34447654011994894,-0.34737588729509833,0.38028169014084506,0.15492957746478872,0.176056338028169,-0.2679645474073334,1.7253521126760563,0.15492957746478872,0.31690140845070425
Kyushu_2017_Asakura_Toho,X1_Y3,EPSG:6670,107,0.37383177570093457,0.4953271028037383,0.12149532710280375,0.07956330227296958,0.1480443699139372,0.5607476635514018,0.24299065420560748,0.12149532710280374,-0.0717846687005691,1.9626168224299065,0.24299065420560748,0.38317757009345793
Kyushu_2017_Asakura_Toho,X1_Y4,EPSG:6670,61,0.47540983606557374,0.39344262295081966,-0.08196721311475408,-0.07727169599298944,-0.19364135716732445,0.4262295081967213,0.21311475409836064,0.29508196721311475,-0.05311638308193556,1.7868852459016393,0.19672131147540983,0.36065573770491804
Kyushu_2017_Asakura_Toho,X2_Y1,EPSG:6670,127,0.41732283464566927,0.4645669291338583,0.047244094488189003,-0.25524415791216565,-0.3017917774314054,0.4566929133858268,0.2047244094488189,0.15748031496062992,-0.39737601328634226,1.6771653543307086,0.1889763779527559,0.31496062992125984
Kyushu_2017_Asakura_Toho,X2_Y2,EPSG:6670,119,0.2689075630252101,0.3277310924369748,0.05882352941176472,-0.4622184194607931,-0.2742446385151438,0.3865546218487395,0.16806722689075632,0.1092436974789916,-0.9059062995571221,1.3529411764705883,0.14285714285714285,0.23529411764705882
Kyushu_2017_Asakura_Toho,X2_Y3,EPSG:6670,62,0.1774193548387097,0.6612903225806451,0.48387096774193544,0.614246844797505,0.7708019534721648,0.7580645161290323,0.5,0.016129032258064516,0.6091193948240061,2.7580645161290325,0.4032258064516129,0.6129032258064516
Kyushu_2017_Asakura_Toho,X2_Y4,EPSG:6670,124,0.3870967741935484,0.5645161290322581,0.17741935483870974,0.23248254527926074,0.20715440873935476,0.5806451612903226,0.29838709677419356,0.12096774193548387,0.2983468744501706,2.282258064516129,0.2661290322580645,0.4838709677419355
Kyushu_2017_Asakura_Toho,X3_Y1,EPSG:6670,115,0.48695652173913045,0.4434782608695652,-0.043478260869565244,-0.15303012546781863,-0.12244503789832073,0.46956521739130436,0.19130434782608696,0.23478260869565218,-0.052571520939970195,1.8869565217391304,0.2956521739130435,0.4
Kyushu_2017_Asakura_Toho,X3_Y2,EPSG:6670,82,0.3048780487804878,0.3902439024390244,0.0853658536585366,-0.3549031564815038,-0.17482082549538475,0.45121951219512196,0.2073170731707317,0.12195121951219512,-0.2643553526691041,1.8902439024390243,0.2804878048780488,0.4146341463414634
Kyushu_2017_Asakura_Toho,X3_Y3,EPSG:6670,88,0.375,0.4659090909090909,0.09090909090909088,0.17112969415684198,0.022431898494477576,0.5113636363636364,0.22727272727272727,0.13636363636363635,0.3857906882854757,2.3295454545454546,0.3181818181818182,0.5340909090909091
Kyushu_2017_Asakura_Toho,X3_Y4,EPSG:6670,134,0.3358208955223881,0.3656716417910448,0.02985074626865669,-0.21227820624550042,-0.29145830476415946,0.41044776119402987,0.20149253731343283,0.17164179104477612,-0.1321359471094381,1.9850746268656716,0.22388059701492538,0.3656716417910448
Kyushu_2017_Asakura_Toho,X4_Y1,EPSG:6670,92,0.40217391304347827,0.45652173913043476,0.054347826086956486,-0.22029726958880194,0.07901959168434267,0.5434782608695652,0.1956521739130435,0.14130434782608695,-0.10611066520980895,1.9130434782608696,0.2608695652173913,0.3804347826086957
Kyushu_2017_Asakura_Toho,X4_Y2,EPSG:6670,83,0.27710843373493976,0.3614457831325301,0.08433734939759036,-0.6557591896635548,-0.3651854532758124,0.43373493975903615,0.1686746987951807,0.08433734939759036,-0.17861638546830222,1.6024096385542168,0.1566265060240964,0.3373493975903614
Kyushu_2017_Asakura_Toho,X4_Y3,EPSG:6670,146,0.3493150684931507,0.6232876712328768,0.27397260273972607,0.34184356309331576,0.4434862278422467,0.6438356164383562,0.363013698630137,0.08904109589041095,0.28211506981111145,2.404109589041096,0.3150684931506849,0.5
Kyushu_2017_Asakura_Toho,X4_Y4,EPSG:6670,95,0.21052631578947367,0.4,0.18947368421052635,-0.20704246804303927,-0.21727762338136647,0.4421052631578947,0.28421052631578947,0.09473684210526316,-0.015322357638915485,1.894736842105263,0.17894736842105263,0.37894736842105264
