category,hiroshima_count,kyushu_count,hiroshima_fraction,kyushu_fraction,kyushu_minus_hiroshima_fraction
motorway,390,13,0.025712025316455698,0.00256107171000788,-0.023150953606447817
motorway_link,18,0,0.0011867088607594937,0.0,-0.0011867088607594937
primary,648,293,0.04272151898734177,0.05772261623325453,0.01500109724591276
primary_link,4,0,0.00026371308016877635,0.0,-0.00026371308016877635
residential,6538,2907,0.431039029535865,0.5726950354609929,0.1416560059251279
secondary,722,413,0.04760021097046414,0.08136327817178882,0.03376306720132468
service,474,20,0.03125,0.003940110323089046,-0.027309889676910955
tertiary,767,44,0.050566983122362866,0.008668242710795903,-0.041898740411566965
track,1386,13,0.09137658227848101,0.00256107171000788,-0.08881551056847313
trunk,305,281,0.0201081223628692,0.0553585500394011,0.0352504276765319
trunk_link,1,0,6.592827004219409e-05,0.0,-6.592827004219409e-05
unclassified,3915,1092,0.2581091772151899,0.21513002364066194,-0.042979153574527945
