feature,feature_index,analysis_scale,h_n,k_n,h_mean,k_mean,h_median,k_median,h_std,k_std,h_iqr,k_iqr,delta_mean,delta_median,abs_delta_median,wasserstein,ks_statistic,ks_pvalue,psi_hiroshima_bins
river_length_m,73,Hiroshima-fitted robust model-input scale,15168,5076,29.945841349230566,44.16119874896991,0.0,0.0,83.18488435295764,97.51716231261167,0.0,0.0,14.215357399739343,0.0,0.0,14.27568114723597,0.07144816510558505,2.509488528974491e-17,0.023897695305518274
dem_aspect_sin_max,14,Hiroshima-fitted robust model-input scale,15168,5076,-19.939606469160307,-28.786354222702304,0.0,-0.018010731786489487,56.0566833444249,70.8520393214141,1.0000000069849193,6.998050790280104,-8.846747753541997,-0.018010731786489487,0.018010731786489487,8.872133940590295,0.11951953721159891,8.541485225528991e-48,0.06792002425604202
dem_aspect_cos_min,18,Hiroshima-fitted robust model-input scale,15168,5076,16.131641207042186,12.473348388361966,0.0,0.00015390287444461137,44.09423740814538,41.01778054488121,1.0000000214204192,0.47042981535196304,-3.65829281868022,0.00015390287444461137,0.00015390287444461137,3.852782581487449,0.04460133190691373,5.182177648722751e-07,0.020800131663784655
lc_builtup_ratio,63,Hiroshima-fitted robust model-input scale,15168,5076,2.1593090160207526,0.43303584759681535,0.0,0.0,5.253724842424854,1.5605831565909214,1.0,0.0,-1.7262731684239374,0.0,0.0,1.7262731684239376,0.1600083789687884,1.5833765035096768e-85,0.24933215282795612
soil_cec_0_5cm,55,Hiroshima-fitted robust model-input scale,15168,5076,-0.07071516027563632,1.6356121500555614,0.0,1.6351677775382996,1.2523063306499256,0.8886696962236604,0.9802319258451462,1.4476465284824371,1.7063273103311978,1.6351677775382996,1.6351677775382996,1.7063273103311978,0.6598149582049057,0.0,4.848471213575339
soil_cec_15_30cm,57,Hiroshima-fitted robust model-input scale,15168,5076,-0.13966366327139046,1.2164479560638957,0.0,1.2021251320838928,1.1050168893890724,0.7455769204092967,0.9801541343331337,0.95011867582798,1.356111619335286,1.2021251320838928,1.2021251320838928,1.356111619335286,0.6211320522987301,0.0,4.5926711793162
dem_aspect_sin_min,13,Hiroshima-fitted robust model-input scale,15168,5076,6.994166311145936,7.074401563622599,0.0,-0.0004287647607270628,18.690151691761518,20.899225088201085,1.000000009778887,0.16975213820114732,0.08023525247666363,-0.0004287647607270628,0.0004287647607270628,1.27233150579777,0.050360781937337284,8.025741957090001e-09,0.019388445893412955
coast_distance_to_centroid_m,79,Hiroshima-fitted robust model-input scale,15168,5076,-0.20588220078132688,1.066239681696685,0.0,1.078626275062561,0.8187447904948496,0.11726906711147105,0.9999999925494194,0.17421799898147583,1.2721218824780118,1.078626275062561,1.078626275062561,1.2721218824780118,0.9670014201853347,0.0,11.685583677582173
soil_soc_0_5cm,52,Hiroshima-fitted robust model-input scale,15168,5076,0.09276486717496955,1.228332620137573,0.0,1.1442703604698181,0.7993574467647123,0.5381815066725105,0.9819224774837494,0.6431171745061874,1.1355677529626036,1.1442703604698181,1.1442703604698181,1.1356255761998002,0.6714861323079071,0.0,5.723872983226017
soil_cec_5_15cm,56,Hiroshima-fitted robust model-input scale,15168,5076,-0.10070063304343356,0.9727249946967172,0.0,0.9973832070827484,1.0362231409075082,0.7388242329165486,0.9856827035546303,1.0211736634373665,1.0734256277401508,0.9973832070827484,0.9973832070827484,1.0734256277401508,0.5138835896898784,0.0,2.7757963016786085
soil_bdod_5_15cm,50,Hiroshima-fitted robust model-input scale,15168,5076,-0.13968660461929253,-1.040805774283149,0.0,-1.0126659870147705,1.2613136043187314,0.5166964414573871,0.9851319491863251,0.8779023736715317,-0.9011191696638564,-1.0126659870147705,1.0126659870147705,1.0712876927858401,0.5824798505750566,0.0,4.312567455023729
hydro_upa_zonal_mean_log1p,77,Hiroshima-fitted robust model-input scale,15168,5076,1.8858847299311108,2.743147073287013,0.0,0.06332819908857346,8.491967948952821,9.282302723448314,1.0000000037252903,1.4126485846936703,0.8572623433559021,0.06332819908857346,0.06332819908857346,1.0534516671414542,0.05225867447706256,1.819178576358613e-09,0.01787218150323857
soil_bdod_15_30cm,51,Hiroshima-fitted robust model-input scale,15168,5076,-0.13641400289923394,-0.9516200700809557,0.0,-0.9121653437614441,1.2090080501443266,0.5014859061800749,0.9819831550121307,0.7803169041872025,-0.8152060671817218,-0.9121653437614441,0.9121653437614441,0.9742517405365557,0.564608925347378,0.0,3.210791559196595
soil_bdod_0_5cm,49,Hiroshima-fitted robust model-input scale,15168,5076,-0.10685251981287734,-0.8468787713773154,0.0,-0.849255234003067,1.1665261351761689,0.48795293350798935,0.9856999441981316,0.7760474309325218,-0.740026251564438,-0.849255234003067,0.849255234003067,0.890437674570292,0.5092591034004648,0.0,3.0343530950816735
soil_clay_0_5cm,40,Hiroshima-fitted robust model-input scale,15168,5076,-0.16445397299477194,0.6801027930759154,0.0,0.7279761135578156,1.1222842587866955,0.5899170338279073,0.9802010282874107,0.7998038828372955,0.8445567660706873,0.7279761135578156,0.7279761135578156,0.8457473855869971,0.442376354101206,0.0,1.315618885530192
soil_soc_15_30cm,54,Hiroshima-fitted robust model-input scale,15168,5076,0.16382587306851773,0.9399860293110776,0.0,0.8852901458740234,1.0449473536373381,0.9085553945262079,0.9795077368617058,1.1785501539707184,0.7761601562425599,0.8852901458740234,0.8852901458740234,0.8007290002857109,0.3939187639026045,0.0,0.9454230604797066
soil_soc_5_15cm,53,Hiroshima-fitted robust model-input scale,15168,5076,0.024388423727430514,0.7765264912813359,0.0,0.672290563583374,0.719492124473915,0.6621044460902212,0.9824100285768509,1.0024255737662315,0.7521380675539053,0.672290563583374,0.672290563583374,0.75239516564236,0.4038748678317423,0.0,3.3667235368455497
soil_clay_5_15cm,41,Hiroshima-fitted robust model-input scale,15168,5076,-0.14314794268335881,0.5225651135688375,0.0,0.5458799004554749,0.9733508798503667,0.4637490974557072,0.9838686138391495,0.6141013577580452,0.6657130562521963,0.5458799004554749,0.5458799004554749,0.6663039146892111,0.3841146222980319,0.0,1.216767520499215
dem_elevation_max,4,Hiroshima-fitted robust model-input scale,15168,5076,0.01655074850223,0.6197115093989011,0.0,0.5079697370529175,0.7180739180603128,1.0000990863986032,0.9999999925494194,1.491611123085022,0.603160760896671,0.5079697370529175,0.5079697370529175,0.6031607608966711,0.2601546680332366,1.523205665031855e-227,0.48097680893526973
dem_elevation_mean,0,Hiroshima-fitted robust model-input scale,15168,5076,0.011534378485393224,0.5778380402078612,0.0,0.45288756489753723,0.6907064973211452,0.9493645234091314,0.9999999701976776,1.4214133620262146,0.566303661722468,0.45288756489753723,0.45288756489753723,0.566303661722468,0.25019607036338787,3.062829276198161e-210,0.4797746687232003
dem_elevation_median,1,Hiroshima-fitted robust model-input scale,15168,5076,0.010163078261833505,0.5764514072388905,0.0,0.45536941289901733,0.6924656185553332,0.9496265257485466,1.0000000074505806,1.4192505441606045,0.566288328977057,0.45536941289901733,0.45536941289901733,0.566288328977057,0.2499307986952749,8.654521283076761e-210,0.46981495449038135
soil_silt_0_5cm,46,Hiroshima-fitted robust model-input scale,15168,5076,0.1112995766849583,-0.3723743050004508,0.0,-0.35324232280254364,0.8759879290702347,0.36570369819859144,0.9774070307612419,0.47513360902667046,-0.48367388168540915,-0.35324232280254364,0.35324232280254364,0.5654972636035192,0.36298048149145645,0.0,2.833458092302826
dem_aspect_cos_max,19,Hiroshima-fitted robust model-input scale,15168,5076,-4.114702749773607,-4.058452446771958,0.0,-0.0013395744608715177,9.900425521772659,10.691856471935266,0.9999999969732016,0.8177970006363466,0.056250303001649016,-0.0013395744608715177,0.0013395744608715177,0.5644556390651834,0.0463160903631884,1.5797584355187277e-07,0.0297436836011481
dem_elevation_min,3,Hiroshima-fitted robust model-input scale,15168,5076,-0.0052913102101261635,0.5207157990255409,0.0,0.3793065845966339,0.6587230385757685,0.8957999755034254,0.9999999850988388,1.3468762896955013,0.5260071092356671,0.3793065845966339,0.3793065845966339,0.5260071092356671,0.2384513309094174,9.434204953264804e-191,0.581131785821723
geology_plutonic_rock_fraction,86,Hiroshima-fitted robust model-input scale,15168,5076,-0.3621527361702741,-0.8861682316298446,0.0,-1.0,0.4538644315183289,0.3016883784206945,1.0,0.0,-0.5240154954595705,-1.0,1.0,0.5240154954595705,0.5595383711883173,0.0,1.5286815834387544
hydro_upa_zonal_max_log1p,78,Hiroshima-fitted robust model-input scale,15168,5076,1.0088522569722471,1.4858260670751176,0.0,0.07382845506072044,2.891178805414428,3.4673656433537587,1.0000000074505806,1.4936976358294487,0.47697381010287043,0.07382845506072044,0.07382845506072044,0.5182050909054113,0.062136537291398564,3.3047825294999907e-13,0.027232819736779712
soil_silt_5_15cm,47,Hiroshima-fitted robust model-input scale,15168,5076,0.13590960175352687,-0.30272523683888264,0.0,-0.29877500236034393,0.8537500627058069,0.36211409376621867,0.9810983017086983,0.46637738309800625,-0.4386348385924095,-0.29877500236034393,0.29877500236034393,0.513655150786675,0.3197705010423836,0.0,2.162436896772107
dem_plan_curvature_median,26,Hiroshima-fitted robust model-input scale,15168,5076,-0.01659307993743215,0.41505203623555653,0.0,0.4490976929664612,0.7481010350369509,0.3766211969325882,0.9999999925494194,0.4511481337249279,0.4316451161729887,0.4490976929664612,0.4490976929664612,0.47642743196557935,0.3744827046613001,0.0,1.2586924578561773
lc_crops_ratio,62,Hiroshima-fitted robust model-input scale,15168,5076,0.9071331464965264,0.4696730177365121,0.0,0.0,1.787053197693709,1.267139998213831,0.9999999850988388,0.035309256054461,-0.43746012876001433,0.0,0.0,0.43746012876001433,0.20908846919232726,2.514319345512332e-146,0.16063268411034815
lc_tree_ratio,59,Hiroshima-fitted robust model-input scale,15168,5076,-0.44435974495400987,-0.03200769101495614,0.0,0.2003334015607834,0.9670304187910833,0.5749074052687974,1.0,0.24597265874035656,0.4123520539390537,0.2003334015607834,0.2003334015607834,0.41235205393905366,0.26163485900390016,3.544374603832167e-230,0.38075743047197996
dem_twi_median,31,Hiroshima-fitted robust model-input scale,15168,5076,0.26638665265051104,0.46577974398975636,0.0,0.3740619271993637,0.981445426830043,0.5568306576474478,1.0,0.6264396030455828,0.19939309133924532,0.3740619271993637,0.3740619271993637,0.40574883083269686,0.3299217401821428,0.0,1.2881379288645738
ndvi_pre_event,58,Hiroshima-fitted robust model-input scale,15168,5076,-0.5164831933785998,-0.43887984733416513,0.0,-0.22405395656824112,1.3242662061711097,0.7066526080093813,1.0000000149011612,0.617808070324827,0.0776033460444347,-0.22405395656824112,0.22405395656824112,0.401470766524838,0.2851360273214233,3.9378029761233794e-274,0.9500045805502033
soil_sand_15_30cm,45,Hiroshima-fitted robust model-input scale,15168,5076,0.02703858594196018,0.2711674620255648,0.0,0.23131881654262543,0.9179874542002775,0.39336223445081603,0.9856959357857704,0.45887486124411225,0.24412887608360462,0.23131881654262543,0.23131881654262543,0.36131694996500063,0.281524779054573,4.106610963398458e-267,1.7456791156688953
lc_shrub_ratio,60,Hiroshima-fitted robust model-input scale,15168,5076,0.24645576467860875,-0.04957818702533709,0.0,-0.36251628398895264,0.7242068412964542,0.7312658660160901,1.0,0.28085948154330254,-0.29603395170394586,-0.36251628398895264,0.36251628398895264,0.32880346287547935,0.3300087093894325,0.0,0.5211017084572372
dem_twi_std,32,Hiroshima-fitted robust model-input scale,15168,5076,0.048508589696835455,-0.2754590208038722,0.0,-0.29939909279346466,0.6900888306792595,0.5450805873863317,1.0000000074505806,0.7748663648962975,-0.32396761050070766,-0.29939909279346466,0.29939909279346466,0.3240743434943969,0.19884714366938983,2.931834822684446e-132,0.3332519470177655
soil_silt_15_30cm,48,Hiroshima-fitted robust model-input scale,15168,5076,0.1163734864677098,-0.1349647167962091,0.0,-0.12466790527105331,0.8274332969936397,0.3647564737984314,0.9800991415977478,0.47013133205473423,-0.2513382032639189,-0.12466790527105331,0.12466790527105331,0.32356360950722507,0.24851108093684848,2.2028962875807237e-207,1.6824608481782968
dem_profile_curvature_median,21,Hiroshima-fitted robust model-input scale,15168,5076,0.05183034067767987,0.08749565056067192,0.0,0.10464215278625488,0.8297856736675248,0.44141624351517084,1.0000000223517418,0.48886585235595703,0.03566530988299205,0.10464215278625488,0.10464215278625488,0.3186060107776804,0.16586773448643907,6.52924127425049e-92,0.5536001835537059
soil_sand_5_15cm,44,Hiroshima-fitted robust model-input scale,15168,5076,-0.047132087000250546,0.11831720034059376,0.0,0.12574994564056396,0.9651518022648885,0.4457467410879179,0.9829244166612625,0.5325506739318371,0.1654492873408443,0.12574994564056396,0.12574994564056396,0.28830246032338747,0.15591505945077855,3.3156068844935134e-81,0.4896375581620138
dem_twi_mean,30,Hiroshima-fitted robust model-input scale,15168,5076,0.22372838972181228,0.26303235631465904,0.0,0.19836588203907013,0.8987442965863244,0.5404543647857404,1.0000000074505806,0.6251234821975231,0.03930396659284677,0.19836588203907013,0.19836588203907013,0.2866211156071432,0.20574716835742285,1.1760737753439929e-141,0.4708561405246415
soil_clay_15_30cm,42,Hiroshima-fitted robust model-input scale,15168,5076,-0.0601592543895672,0.1502863187205218,0.0,0.1723463013768196,0.854259086789613,0.4395592720717241,0.9837367907166481,0.5700998604297638,0.21044557311008902,0.1723463013768196,0.1723463013768196,0.27692001412215894,0.19496423352385517,4.063969013800877e-127,0.39526735429296755
soil_sand_0_5cm,43,Hiroshima-fitted robust model-input scale,15168,5076,-0.10850053331449017,0.06157820900109407,0.0,0.06996447220444679,0.9711156559801566,0.4461708530272265,0.9822310507297516,0.5221123732626438,0.17007874231558423,0.06996447220444679,0.06996447220444679,0.2762757925680682,0.15867905931112905,4.124699304464506e-84,0.47287916740001484
river_distance_to_osm_river_m,72,Hiroshima-fitted robust model-input scale,15168,5076,-0.1954926600120912,-0.46860761156183117,0.0,-0.2622530907392502,0.9067966016289688,0.9126174344078738,0.9999999776482582,1.0802524909377098,-0.27311495154973997,-0.2622530907392502,0.2622530907392502,0.27313496168636786,0.14542326884519852,1.1856703326761194e-70,0.17922374733129187
dem_profile_curvature_std,22,Hiroshima-fitted robust model-input scale,15168,5076,0.032798902612684123,-0.19970552305312594,0.0,-0.23644030094146729,0.7774639333054748,0.5786457090080082,1.0,0.7927631735801697,-0.23250442566581006,-0.23644030094146729,0.23644030094146729,0.2634177339404146,0.1573087487905357,1.1540234063819886e-82,0.1898833355570389
dem_plan_curvature_max,29,Hiroshima-fitted robust model-input scale,15168,5076,0.42371837746089663,0.5984863696113997,0.0,-0.017074817791581154,1.7664046513466232,2.052992666317814,0.9999999850988388,1.3279115483164787,0.17476799215050304,-0.017074817791581154,0.017074817791581154,0.25344230098000375,0.06022602018932477,1.9640831833444115e-12,0.06669504652060426
dem_plan_curvature_std,27,Hiroshima-fitted robust model-input scale,15168,5076,0.20374267223779757,-0.049020622460114426,0.0,-0.27073265612125397,1.2423607092425801,1.1061130978198601,0.9999999925494194,1.0270919725298882,-0.252763294697912,-0.27073265612125397,0.27073265612125397,0.25276329469791137,0.15482498304256315,4.4871396762619495e-80,0.1275620943789377
geology_volcanic_rock_fraction,89,Hiroshima-fitted robust model-input scale,15168,5076,0.3739041616058605,0.6246627955256293,0.0,0.0,0.6049640532056445,0.6869938554243339,1.0,1.4166829586029053,0.2507586339197688,0.0,0.0,0.2507586339197689,0.1795851787014593,8.821320837928492e-108,0.1298167785227069
dem_elevation_std,2,Hiroshima-fitted robust model-input scale,15168,5076,0.060177997552020836,0.2977574638151397,0.0,0.23083816468715668,0.7336257068075762,0.6525117323447747,0.9999999925494194,0.8584130182862282,0.23757946626311885,0.23083816468715668,0.23083816468715668,0.2375858970651633,0.1642530373761858,3.9610677935185e-90,0.2235485342298138
hydro_hnd_zonal_std_m,76,Hiroshima-fitted robust model-input scale,15168,5076,0.1489597071914563,0.37138973742306886,0.0,0.22414614260196686,0.9249070737486518,0.8426385393898551,1.0,0.9274665154516697,0.22243003023161256,0.22414614260196686,0.22414614260196686,0.2358195097114591,0.15045033840061448,1.2910558213789295e-75,0.15564313613057074
river_density_km_km2,74,Hiroshima-fitted robust model-input scale,15168,5076,0.4791334622575131,0.7065791793980756,0.0,0.0,1.3309581524151597,1.5602745948643102,0.0,0.0,0.2274457171405625,0.0,0.0,0.22841089781166174,0.07144816510558505,2.509488528974491e-17,0.023897695305518274
road_length_within_grid_m,70,Hiroshima-fitted robust model-input scale,15168,5076,0.6238251969538864,0.4067704054384012,0.0,-0.035383157432079315,1.0155596010487054,0.6557298390962055,0.9999999925494194,0.8396114632487297,-0.21705479151548518,-0.035383157432079315,0.035383157432079315,0.21705479151548526,0.08446330959292181,4.730335009892311e-24,0.08415385092634985
road_density_km_per_km2,71,Hiroshima-fitted robust model-input scale,15168,5076,0.6238251969538864,0.4067704054384012,0.0,-0.035383157432079315,1.0155596010487054,0.6557298390962055,0.9999999925494194,0.8396114632487297,-0.21705479151548518,-0.035383157432079315,0.035383157432079315,0.21705479151548526,0.08446330959292181,4.730335009892311e-24,0.08415385092634985
dem_profile_curvature_min,23,Hiroshima-fitted robust model-input scale,15168,5076,-0.10073814123120715,-0.28051901698569043,0.0,-0.15764892101287842,0.8025177109013367,0.9309280863372269,1.0,1.2094183936715126,-0.17978087575448326,-0.15764892101287842,0.15764892101287842,0.18670324937799304,0.09373753129644591,1.562730790696374e-29,0.055278273375255885
dem_twi_max,34,Hiroshima-fitted robust model-input scale,15168,5076,0.06370813954527733,-0.12176431638801331,0.0,-0.11666031181812286,0.7047344331988437,0.5691576969195243,1.0000000149011612,0.7893331721425056,-0.18547245593329065,-0.11666031181812286,0.11666031181812286,0.18548738796644693,0.1255004625889018,1.139291599410781e-52,0.17437759581556023
dem_aspect_sin_std,12,Hiroshima-fitted robust model-input scale,15168,5076,-0.0670739533475581,-0.2509485567073445,0.0,-0.21974846720695496,0.6854583233995468,0.7038548279241024,1.0000000223517418,1.0271932259202003,-0.1838746033597864,-0.21974846720695496,0.21974846720695496,0.18434246206110408,0.11547749523695527,1.2292823783631677e-44,0.07097806256200051
dem_twi_min,33,Hiroshima-fitted robust model-input scale,15168,5076,0.17576178299020812,0.13744424612958012,0.0,0.07800712436437607,1.0413118177935632,0.6474015041325706,0.9999999925494194,0.8576575815677643,-0.038317536860628,0.07800712436437607,0.07800712436437607,0.18065334995462393,0.06967651818934478,1.6895636814394886e-16,0.08062999293266883
dem_slope_mean,5,Hiroshima-fitted robust model-input scale,15168,5076,-0.0620077530215801,0.04777117723438723,0.0,0.0460540596395731,0.71115879773067,0.5176120360422007,0.9999999850988388,0.6930410787463188,0.10977893025596733,0.0460540596395731,0.0460540596395731,0.1690414122150119,0.13737440898345155,4.599256662738276e-63,0.2265018699983315
dem_slope_median,6,Hiroshima-fitted robust model-input scale,15168,5076,-0.06593950126000442,0.04728635358094711,0.0,0.04326346144080162,0.7007876746905514,0.5156304157675284,1.0000000149011612,0.67228764295578,0.11322585484095153,0.04326346144080162,0.04326346144080162,0.16682625055094627,0.14243498817966904,8.764693116709061e-68,0.22231749893538894
dem_roughness_mean,35,Hiroshima-fitted robust model-input scale,15168,5076,-0.03278338913553216,0.05268030418167757,0.0,0.03000322263687849,0.7055718370418496,0.5204909109484274,0.9999999850988388,0.6968522444367409,0.08546369331720974,0.03000322263687849,0.03000322263687849,0.16345965766123377,0.13577420674107987,1.3153741557933315e-61,0.2341353704106493
dem_roughness_median,36,Hiroshima-fitted robust model-input scale,15168,5076,-0.03708386199182909,0.050118012455795384,0.0,0.021697722375392914,0.7017044247885864,0.5259392157000192,0.9999999925494194,0.6862969696521759,0.08720187444762448,0.021697722375392914,0.021697722375392914,0.15894858787330118,0.13421421606767014,3.327513257151754e-60,0.21829400599733487
dem_slope_max,9,Hiroshima-fitted robust model-input scale,15168,5076,-0.11306971342611621,-0.0881803386913475,0.0,-0.052080241963267326,0.8325771222056,0.6033062826146212,1.0000000074505806,0.7938126847147942,0.02488937473476871,-0.052080241963267326,0.052080241963267326,0.15692264027341152,0.06492843587595132,2.2103249371129512e-14,0.10538848631881233
road_distance_to_primary_road_m,69,Hiroshima-fitted robust model-input scale,15168,5076,-0.15849802166527482,-0.0026329543603170386,0.0,0.12028079852461815,0.8329946930752798,0.8959637246298369,1.0000000149011612,1.0559033825993538,0.15586506730495778,0.12028079852461815,0.12028079852461815,0.15608349765846002,0.11804869776860072,1.240088596199081e-46,0.09889706982186997
dem_slope_min,8,Hiroshima-fitted robust model-input scale,15168,5076,0.2736461716866993,0.13225647377570585,0.0,-0.16669738292694092,0.8564219248198826,0.8267487517594613,1.0,0.7341161966323853,-0.14138969791099346,-0.16669738292694092,0.16669738292694092,0.14487020792664562,0.11836322081575251,7.017996524750883e-47,0.06428878427917689
dem_roughness_std,37,Hiroshima-fitted robust model-input scale,15168,5076,0.03381258941977075,0.1650189083114847,0.0,0.06791842356324196,0.87934081375255,0.8158618450637997,1.0000000149011612,1.0282416269183159,0.13120631889171394,0.06791842356324196,0.06791842356324196,0.13484058666087978,0.05187978174781299,2.457379149786918e-09,0.042352141561480434
dem_roughness_max,39,Hiroshima-fitted robust model-input scale,15168,5076,-0.025724328363722952,0.029331484735542625,0.0,0.011847400106489658,0.8017202307560584,0.6187652535599782,0.9999999850988388,0.8127586767077446,0.05505581309926558,0.011847400106489658,0.011847400106489658,0.1344492613976168,0.07976136148267848,1.715885630211893e-21,0.10069587096476065
lc_grass_ratio,61,Hiroshima-fitted robust model-input scale,15168,5076,0.26177466423540446,0.16025778538950455,0.0,-0.028668245300650597,0.8522907907298863,0.7191071466685119,1.0000000074505806,0.674163855612278,-0.10151687884589991,-0.028668245300650597,0.028668245300650597,0.13240463389287535,0.08612772565859694,5.413852558516196e-25,0.0753626685362552
hydro_hnd_zonal_mean_m,75,Hiroshima-fitted robust model-input scale,15168,5076,0.1900047355944928,0.31587818415667884,0.0,0.1425904929637909,0.773834986926066,0.7785116573188186,1.0000000298023224,1.0724149569869041,0.12587344856218605,0.1425904929637909,0.1425904929637909,0.1315151561959688,0.08086281558288694,4.447412017016581e-22,0.04564297042272006
dem_roughness_min,38,Hiroshima-fitted robust model-input scale,15168,5076,0.15007618465861283,0.05746118160700939,0.0,-0.07179975137114525,0.7532732202547809,0.6488139772203878,0.9999999925494194,0.7527368441224098,-0.09261500305160345,-0.07179975137114525,0.07179975137114525,0.1206877816473078,0.08660496528712935,2.8851781208743125e-25,0.07968767274225447
road_distance_to_any_road_m,67,Hiroshima-fitted robust model-input scale,15168,5076,-0.15385679186463816,-0.058241349396257684,0.0,0.08727554604411125,0.7574765238323367,0.7000705980564673,1.0,0.8860111013054848,0.09561544246838047,0.08727554604411125,0.08727554604411125,0.096398311175623,0.05443290465930517,3.104967264299892e-10,0.020833175807075298
dem_aspect_sin_mean,10,Hiroshima-fitted robust model-input scale,15168,5076,-0.015184791314738662,-0.10780361434722005,0.0,-0.15644759684801102,0.6120375824462642,0.6440432077592005,1.0000000149011612,1.074983149766922,-0.0926188230324814,-0.15644759684801102,0.15644759684801102,0.095153214119748,0.08139569680102937,2.2988763658943235e-22,0.03518863853497113
road_distance_to_major_road_m,68,Hiroshima-fitted robust model-input scale,15168,5076,-0.16632958152208419,-0.07849566908492007,0.0,0.07799014821648598,0.86591466381894,0.857870588191075,1.0000000074505806,1.0098580047488213,0.08783391243716411,0.07799014821648598,0.07799014821648598,0.0881498281606331,0.053795753907691646,5.251831917272726e-10,0.01591951379929639
dem_slope_std,7,Hiroshima-fitted robust model-input scale,15168,5076,0.021791663806567264,0.10575850395545056,0.0,0.017906906083226204,0.8951385484427337,0.827078498905133,0.9999999925494194,1.016482651233673,0.0839668401488833,0.017906906083226204,0.017906906083226204,0.08699051708512259,0.03473157374988778,0.00020206471813109,0.02076667488089701
dem_profile_curvature_max,24,Hiroshima-fitted robust model-input scale,15168,5076,0.13192507129209982,0.14324739934238684,0.0,0.06332199275493622,0.8359539623756418,0.723146615497813,0.9999999776482582,0.9438400864601135,0.011322328050287017,0.06332199275493622,0.06332199275493622,0.08355224144485118,0.038080199948130194,3.1527967706638195e-05,0.02344491917101794
dem_plan_curvature_min,28,Hiroshima-fitted robust model-input scale,15168,5076,-0.487467470011339,-0.41399612074103387,0.0,0.038359420374035835,1.9059662708313079,1.5278980447878314,1.0000000223517418,1.0596049651503563,0.07347134927030513,0.038359420374035835,0.038359420374035835,0.08053082014154905,0.0463464828281015,1.5462181949939453e-07,0.01674034024899542
dem_aspect_sin_median,11,Hiroshima-fitted robust model-input scale,15168,5076,-0.015690189064634635,-0.08303310358936872,0.0,-0.14031152427196503,0.5218558236191659,0.5217957419358157,0.9999999925494194,0.967614084482193,-0.06734291452473408,-0.14031152427196503,0.14031152427196503,0.06746426690336493,0.07058346051410958,6.403467167535538e-17,0.023450920004469675
dem_profile_curvature_mean,20,Hiroshima-fitted robust model-input scale,15168,5076,0.058957778324471286,0.041183532922431855,0.0,0.05269913002848625,0.7635532790369363,0.6973777363811507,1.0000000074505806,0.9412194266915321,-0.01777424540203943,0.05269913002848625,0.05269913002848625,0.058253988240325155,0.03578330889467429,0.00011483811149827878,0.025644444566895463
dem_aspect_cos_mean,15,Hiroshima-fitted robust model-input scale,15168,5076,0.03097256734540554,-0.006072753298214208,0.0,-0.05570908077061176,0.6219146923114836,0.6517452677799824,1.0000000149011612,1.0525834113359451,-0.03704532064361975,-0.05570908077061176,0.05570908077061176,0.0473778939898546,0.043547882315388364,1.0514942230031716e-06,0.015661656153812424
dem_aspect_cos_median,16,Hiroshima-fitted robust model-input scale,15168,5076,0.04555123557901413,0.0176003602055126,0.0,-0.05142575316131115,0.5543182424195695,0.5861940826881243,0.9999999925494194,1.073909193277359,-0.027950875373501532,-0.05142575316131115,0.05142575316131115,0.043545420562306016,0.04935377826655096,1.7250973008434236e-08,0.03178833484817278
dem_plan_curvature_mean,25,Hiroshima-fitted robust model-input scale,15168,5076,-0.013627772832918151,0.015828755577677846,0.0,0.0360941793769598,0.7451709171861568,0.7752386396901214,0.9999999850988388,1.072518914937973,0.029456528410595997,0.0360941793769598,0.0360941793769598,0.04267341769726691,0.030050822435686353,0.0020365820894916765,0.009467200654653745
geology_unconsolidated_sediment_fraction,88,Hiroshima-fitted robust model-input scale,15168,5076,0.06943856274260109,0.031151929692354037,0.0,0.0,0.21609279711139842,0.12867735750496356,0.0,0.0,-0.03828663305024705,0.0,0.0,0.03828663305024705,0.05393665025785277,4.678081289463411e-10,0.0325774884897706
dem_aspect_cos_std,17,Hiroshima-fitted robust model-input scale,15168,5076,-0.05561427089376733,-0.06528198817950161,0.0,-0.006735409377142787,0.695524967259028,0.7380274425296165,0.9999999850988388,1.0210671126842499,-0.009667717285734276,-0.006735409377142787,0.006735409377142787,0.03288774547062817,0.020925757598427963,0.0705418527881605,0.005715295684231923
soil_missing_indicator,90,Hiroshima-fitted robust model-input scale,15168,5076,0.015427215189873418,0.0,0.0,0.0,0.12324453830234731,0.0,0.0,0.0,-0.015427215189873418,0.0,0.0,0.015427215189873444,0.015427215189873444,0.3225169065471657,
geology_accretionary_complex_fraction,84,Hiroshima-fitted robust model-input scale,15168,5076,0.011349595928073903,0.0,0.0,0.0,0.09287505984609874,0.0,0.0,0.0,-0.011349595928073903,0.0,0.0,0.0113495959280739,0.02505274261603374,0.016609613089297592,
geology_entropy,83,Hiroshima-fitted robust model-input scale,15168,5076,0.09305230951260435,0.08370691315566427,0.0,0.0,0.2080206754131876,0.20015952548694502,0.0,0.0,-0.00934539635694008,0.0,0.0,0.009705911228215496,0.027661662975930423,0.005823741272865534,0.003215649495788795
geology_sedimentary_rock_fraction,87,Hiroshima-fitted robust model-input scale,15168,5076,0.01610401331914655,0.008311436352388084,0.0,0.0,0.11525973092149575,0.07654749112034709,0.0,0.0,-0.007792576966758466,0.0,0.0,0.007792576966758473,0.011605245832959188,0.680494891970078,
geology_dominant_fraction,82,Hiroshima-fitted robust model-input scale,15168,5076,-0.044378283672702225,-0.04012102855721942,0.0,0.0,0.11121667905535836,0.1077251344354588,0.0,0.0,0.004257255115482805,0.0,0.0,0.004576512087293083,0.027661662975930423,0.005823741272865534,0.003199914134729533
lc_permanent_water_ratio,65,Hiroshima-fitted robust model-input scale,15168,5076,0.001398679434067259,0.0002649407881575635,0.0,0.0,0.019230501715241717,0.004966517236504816,0.0,0.0,-0.0011337386459096955,0.0,0.0,0.001133738645909691,0.017296585570218848,0.20291852687003542,
geology_mixed_or_other_fraction,85,Hiroshima-fitted robust model-input scale,15168,5076,0.0013312491611359983,0.00022743996456588367,0.0,0.0,0.03029119500965654,0.008655478011372538,0.0,0.0,-0.0011038091965701147,0.0,0.0,0.0011038091965701103,0.002904740351717172,0.9999999999999992,
lc_bare_ratio,64,Hiroshima-fitted robust model-input scale,15168,5076,0.002027104624652024,0.0013401877102743743,0.0,0.0,0.007197663560398544,0.005297398870753308,0.0,0.0,-0.0006869169143776499,0.0,0.0,0.0006949963288186217,0.09592968524004741,6.521883674655936e-31,0.05413799746512817
lc_seasonal_water_ratio,66,Hiroshima-fitted robust model-input scale,15168,5076,0.0009062511081494828,0.0002816510624416184,0.0,0.0,0.00838122735315412,0.0039276814731932985,0.0,0.0,-0.0006246000457078645,0.0,0.0,0.0006246000457078643,0.022796686566717628,0.03781540044143594,
geology_valid_fraction,80,Hiroshima-fitted robust model-input scale,15168,5076,-0.0013285023361489295,-0.0008664396068550196,0.0,0.0,0.020468533265363117,0.01548365516346084,0.0,0.0,0.00046206272929390994,0.0,0.0,0.0004648651183008479,0.009774840151220439,0.856951624624289,
geology_missing_fraction,81,Hiroshima-fitted robust model-input scale,15168,5076,0.0013285023361489295,0.0008664396068550197,0.0,0.0,0.020468533265363117,0.01548365516346084,0.0,0.0,-0.00046206272929390983,0.0,0.0,0.00046486511830084635,0.009774840151220543,0.8569516246242803,
