analysis_group,feature,hiroshima_median_contrast,kyushu_median_contrast,absolute_cross_event_contrast_change,same_median_direction
STATIC,dem_elevation_mean,0.037567089311778545,0.021382667124271393,0.016184422187507153,True
STATIC,dem_elevation_median,0.03589809313416481,0.020550400018692017,0.015347693115472794,True
STATIC,dem_elevation_std,0.029017120599746704,0.006607778370380402,0.022409342229366302,True
STATIC,dem_elevation_min,0.03195963799953461,0.027966037392616272,0.003993600606918335,True
STATIC,dem_elevation_max,0.04583059623837471,0.029822364449501038,0.016008231788873672,True
STATIC,dem_slope_mean,0.03952191025018692,0.047119037713855505,0.007597127463668585,True
STATIC,dem_slope_median,0.034672546200454235,0.043956026434898376,0.009283480234444141,True
STATIC,dem_slope_std,-0.05504174903035164,0.12611869163811207,0.1811604406684637,False
STATIC,dem_slope_min,0.01298205554485321,-0.04580168426036835,0.05878373980522156,False
STATIC,dem_slope_max,0.0032634101808071136,0.08429896458983421,0.0810355544090271,True
STATIC,dem_aspect_sin_mean,0.04173995554447174,0.11519252508878708,0.07345256954431534,True
STATIC,dem_aspect_sin_median,0.04082775907590985,0.09786229312885553,0.05703453405294567,True
STATIC,dem_aspect_sin_std,0.0043724889401346445,0.03335518669337034,0.028982697753235698,True
STATIC,dem_aspect_sin_min,-0.0014485697847703705,-0.0008739059448998887,0.0005746638398704818,True
STATIC,dem_aspect_sin_max,0.005883929756237194,0.10090371640399098,0.09501978664775379,True
STATIC,dem_aspect_cos_mean,0.039664335548877716,-0.07271340489387512,0.11237774044275284,False
STATIC,dem_aspect_cos_median,0.024267487227916718,-0.06323769316077232,0.08750518038868904,False
STATIC,dem_aspect_cos_std,0.011541907675564289,0.06160048395395279,0.0500585762783885,True
STATIC,dem_aspect_cos_min,-0.0021963223625789396,-0.014405950671061873,0.012209628308482934,True
STATIC,dem_aspect_cos_max,0.0021616809390252456,0.002010057243751362,0.00015162369527388364,True
STATIC,dem_profile_curvature_mean,-0.04604108119383454,-0.03817214071750641,0.007868940476328135,True
STATIC,dem_profile_curvature_median,-0.054608166217803955,-0.041992587968707085,0.01261557824909687,True
STATIC,dem_profile_curvature_std,-0.02945515140891075,0.09138383716344833,0.12083898857235909,False
STATIC,dem_profile_curvature_min,0.014505036175251007,-0.08566342294216156,0.10016845911741257,False
STATIC,dem_profile_curvature_max,-0.0857418030500412,0.06273393891751766,0.14847574196755886,False
STATIC,dem_plan_curvature_mean,0.041231051087379456,0.04342255648225546,0.0021915053948760033,True
STATIC,dem_plan_curvature_median,-0.058287063613533974,0.012589814141392708,0.07087687775492668,False
STATIC,dem_plan_curvature_std,-0.06376882968470454,0.011003967374563217,0.07477279705926776,False
STATIC,dem_plan_curvature_min,0.1296211937442422,0.0675109326839447,0.06211026106029749,True
STATIC,dem_plan_curvature_max,-0.08262490853667259,-0.03315258026123047,0.04947232827544212,True
STATIC,dem_twi_mean,-0.028258398175239563,-0.04790191911160946,0.019643520936369896,True
STATIC,dem_twi_median,-0.05693466402590275,-0.07734837103635073,0.02041370701044798,True
STATIC,dem_twi_std,0.034670740365982056,0.03547458350658417,0.0008038431406021118,True
STATIC,dem_twi_min,-0.01772521436214447,-0.07311948388814926,0.05539426952600479,True
STATIC,dem_twi_max,-0.003712708130478859,0.012391485273838043,0.016104193404316902,False
STATIC,dem_roughness_mean,0.030692410888150334,0.044444316532462835,0.013751905644312501,True
STATIC,dem_roughness_median,0.02968707773834467,0.041186124086380005,0.011499046348035336,True
STATIC,dem_roughness_std,-0.050805119797587395,0.12229106947779655,0.17309618927538395,False
STATIC,dem_roughness_min,0.04579624533653259,-0.01650260016322136,0.06229884549975395,False
STATIC,dem_roughness_max,-0.002572290599346161,0.0771077498793602,0.07968004047870636,False
STATIC,soil_clay_0_5cm,0.02334742248058319,0.028629085049033165,0.005281662568449974,True
STATIC,soil_clay_5_15cm,0.04353022575378418,0.018969565629959106,0.024560660123825073,True
STATIC,soil_clay_15_30cm,0.08721834793686867,-0.0104618389159441,0.09768018685281277,False
STATIC,soil_sand_0_5cm,0.0,0.012322738766670227,0.012322738766670227,False
STATIC,soil_sand_5_15cm,-0.003617776557803154,0.02819887548685074,0.03181665204465389,False
STATIC,soil_sand_15_30cm,-0.01832700427621603,0.02372143045067787,0.0420484347268939,False
STATIC,soil_silt_0_5cm,-0.019620224833488464,-0.018630951642990112,0.000989273190498352,True
STATIC,soil_silt_5_15cm,-0.030750907957553864,-0.019400248304009438,0.011350659653544426,True
STATIC,soil_silt_15_30cm,-0.05605411063879728,-0.007705826312303543,0.04834828432649374,True
STATIC,soil_bdod_0_5cm,-0.05607229704037309,-0.004708707332611084,0.051363589707762,True
STATIC,soil_bdod_5_15cm,-0.04698490351438522,0.029941976070404053,0.07692687958478928,False
STATIC,soil_bdod_15_30cm,-0.045959845185279846,0.021494701504707336,0.06745454668998718,False
STATIC,soil_soc_0_5cm,-0.028293706476688385,-0.0021701008081436157,0.02612360566854477,True
STATIC,soil_soc_5_15cm,-0.021903589367866516,0.014330214820802212,0.03623380418866873,False
STATIC,soil_soc_15_30cm,-0.05524639133363962,0.036337368190288544,0.09158375952392817,False
STATIC,soil_cec_0_5cm,0.004998292773962021,0.13378718495368958,0.12878889217972755,True
STATIC,soil_cec_5_15cm,0.009718228131532669,0.18404251337051392,0.17432428523898125,True
STATIC,soil_cec_15_30cm,0.0,0.168361634016037,0.168361634016037,False
STATIC,ndvi_pre_event,0.05267048813402653,-0.024278659839183092,0.07694914797320962,False
STATIC,lc_tree_ratio,0.05815012753009796,-0.0014139115810394287,0.05956403911113739,False
STATIC,lc_shrub_ratio,-0.029407999361865222,0.0,0.029407999361865222,False
STATIC,lc_grass_ratio,-0.048668405041098595,0.01531059667468071,0.0639790017157793,False
STATIC,lc_crops_ratio,0.0,0.0,0.0,True
STATIC,lc_builtup_ratio,0.0,0.0,0.0,True
STATIC,lc_bare_ratio,0.0,0.0,0.0,True
STATIC,lc_permanent_water_ratio,0.0,0.0,0.0,True
STATIC,lc_seasonal_water_ratio,0.0,0.0,0.0,True
STATIC,road_distance_to_any_road_m,0.09805587120354176,-0.02338957041501999,0.12144544161856174,False
STATIC,road_distance_to_major_road_m,0.04265211522579193,0.032446376979351044,0.010205738246440887,True
STATIC,road_distance_to_primary_road_m,0.01123933307826519,-0.05642768740653992,0.06766702048480511,False
STATIC,road_length_within_grid_m,0.0,0.0,0.0,True
STATIC,road_density_km_per_km2,0.0,0.0,0.0,True
STATIC,river_distance_to_osm_river_m,0.027152732014656067,-0.02041986584663391,0.04757259786128998,False
STATIC,river_length_m,0.0,0.0,0.0,True
STATIC,river_density_km_km2,0.0,0.0,0.0,True
STATIC,hydro_hnd_zonal_mean_m,0.0008368492126464844,-0.01715721655637026,0.017994065769016743,False
STATIC,hydro_hnd_zonal_std_m,-0.009220257285051048,-0.02404002845287323,0.014819771167822182,True
STATIC,hydro_upa_zonal_mean_log1p,0.0017819665372371674,0.004996516276150942,0.0032145497389137745,True
STATIC,hydro_upa_zonal_max_log1p,-0.010605376213788986,-0.013896062970161438,0.0032906867563724518,True
STATIC,coast_distance_to_centroid_m,-0.02623625099658966,0.015712827444076538,0.0419490784406662,False
STATIC,geology_valid_fraction,0.0,0.0,0.0,True
STATIC,geology_missing_fraction,0.0,0.0,0.0,True
STATIC,geology_dominant_fraction,0.0,0.0,0.0,True
STATIC,geology_entropy,0.0,0.0,0.0,True
STATIC,geology_accretionary_complex_fraction,0.0,0.0,0.0,True
STATIC,geology_mixed_or_other_fraction,0.0,0.0,0.0,True
STATIC,geology_plutonic_rock_fraction,0.0,0.0,0.0,True
STATIC,geology_sedimentary_rock_fraction,0.0,0.0,0.0,True
STATIC,geology_unconsolidated_sediment_fraction,0.0,0.0,0.0,True
STATIC,geology_volcanic_rock_fraction,0.0,0.0,0.0,True
STATIC,soil_missing_indicator,0.0,0.0,0.0,True
RAIN_TEMPORAL_MEAN,rain_30m_mm,0.0,0.0,0.0,True
RAIN_TEMPORAL_MEAN,rain_1h_mm,0.0,0.0,0.0,True
RAIN_TEMPORAL_MEAN,rain_3h_mm,0.0,0.0,0.0,True
RAIN_TEMPORAL_MEAN,rain_6h_mm,0.0,0.0,0.0,True
RAIN_TEMPORAL_MEAN,rain_12h_mm,0.0,0.0,0.0,True
RAIN_TEMPORAL_MEAN,rain_24h_mm,0.0,0.0,0.0,True
RAIN_TEMPORAL_MEAN,rain_48h_mm,0.0,0.0,0.0,True
RAIN_TEMPORAL_MEAN,rain_72h_mm,0.0,0.0,0.0,True
RAIN_TEMPORAL_MEAN,rain_120h_mm,0.0,0.0,0.0,True
RAIN_TEMPORAL_MEAN,api_k090_step30m_120h,0.0,0.0,0.0,True
