rain_field,summary,analysis_scale,h_n,k_n,h_mean,k_mean,h_median,k_median,h_std,k_std,h_iqr,k_iqr,delta_mean,delta_median,abs_delta_median,wasserstein,ks_statistic,ks_pvalue,psi_hiroshima_bins
rain_30m_mm,mean,Hiroshima-fitted model-input scale,15168,5076,0.022681894182831397,-0.6562209843186544,0.022822372429072858,-0.6470369762607984,0.0424953615959749,0.039196129867094746,0.05098809477474009,0.03995746394087163,-0.6789028785014858,-0.6698593486898712,0.6698593486898712,0.6789028785014858,1.0,0.0,13.241221865960487
rain_1h_mm,mean,Hiroshima-fitted model-input scale,15168,5076,-0.03549326152379969,-0.8298852810104723,-0.031748439810637914,-0.8253419163503817,0.05025573945241959,0.03438975396794405,0.048479578391249695,0.04451906971101249,-0.7943920194866726,-0.7935934765397438,0.7935934765397438,0.7943920194866727,1.0,0.0,13.24279456360146
rain_3h_mm,mean,Hiroshima-fitted model-input scale,15168,5076,-0.08242620570701999,-1.6653939669467022,-0.06790028084069491,-1.6997643851899609,0.10097202207304787,0.05680419672160414,0.10723777966341005,0.10499952143789937,-1.5829677612396822,-1.6318641043492659,1.6318641043492659,1.5829677612396815,1.0,0.0,12.695096764319693
rain_6h_mm,mean,Hiroshima-fitted model-input scale,15168,5076,-0.20024021329630598,-3.2261296415877867,-0.18959638746455312,-3.316822413567986,0.16673974584852858,0.1211289970198861,0.19982445968448054,0.22195094873064347,-3.0258894282914808,-3.1272260261034326,3.1272260261034326,3.0258894282914803,1.0,0.0,13.32316809335349
rain_12h_mm,mean,Hiroshima-fitted model-input scale,15168,5076,-0.10931452417603064,-3.6920426905024306,-0.13785237921069243,-3.8457159725416985,0.13018007892262556,0.20321062186637973,0.1903131461702287,0.3877029484670076,-3.5827281663264,-3.7078635933310062,3.7078635933310062,3.5827281663264006,1.0,0.0,12.558502063695709
rain_24h_mm,mean,Hiroshima-fitted model-input scale,15168,5076,-0.3629417317225955,-2.1654306884939096,-0.3627047449882541,-2.302581421818052,0.08003839362807014,0.20218166296630993,0.12666127383708953,0.41329442784190173,-1.802488956771314,-1.939876676829798,1.939876676829798,1.8024889567713143,1.0,0.0,13.88733193302414
rain_48h_mm,mean,Hiroshima-fitted model-input scale,15168,5076,-0.015325951694719758,-1.9099298147266912,-0.039843611718554585,-1.9968326113585915,0.13126611767986252,0.2348852141049562,0.1589879010488013,0.4875760846505208,-1.8946038630319715,-1.956988999640037,1.956988999640037,1.8946038630319717,1.0,0.0,13.196683137976457
rain_72h_mm,mean,Hiroshima-fitted model-input scale,15168,5076,-0.1599703812806289,-3.838386919837498,-0.1752862317870105,-3.9643931993416377,0.22928689947793496,0.34162744909807574,0.17381345907176315,0.7090199751513349,-3.6784165385568692,-3.7891069675546274,3.7891069675546274,3.6784165385568697,1.0,0.0,12.65224400648707
rain_120h_mm,mean,Hiroshima-fitted model-input scale,15168,5076,0.007802257934034987,-2.407655357802208,0.020081659436358937,-2.3711875132152014,0.17080683824841125,0.13553442502769122,0.1409720542374998,0.16443355338914056,-2.415457615736243,-2.3912691726515605,2.3912691726515605,2.4154576157362433,1.0,0.0,12.641738235066075
api_k090_step30m_120h,mean,Hiroshima-fitted model-input scale,15168,5076,0.2154388486240489,-1.2314157311181335,0.22916506552303742,-1.23275281978505,0.10550491964404426,0.06089842896868262,0.14820938155223431,0.06487392446558382,-1.4468545797421823,-1.4619178853080874,1.4619178853080874,1.4468545797421826,1.0,0.0,12.801162047035097
rain_30m_mm,std,Hiroshima-fitted model-input scale,15168,5076,0.6960369137987918,0.7227767316533834,0.6789617283786139,0.720632924932082,0.052759040815064634,0.04844572190574686,0.05207866990215404,0.03364307389184085,0.026739817854591563,0.04167119655346807,0.04167119655346807,0.03154330985685165,0.5189429220157405,0.0,3.6319400145623537
rain_1h_mm,std,Hiroshima-fitted model-input scale,15168,5076,0.7005720802560187,0.8088244518773168,0.693393800925475,0.8080844826687509,0.06219202365215971,0.04239215385295026,0.07038701800300484,0.035034856653955226,0.10825237162129808,0.1146906817432759,0.1146906817432759,0.10825237162129805,0.764458241064927,0.0,6.535189008480426
rain_3h_mm,std,Hiroshima-fitted model-input scale,15168,5076,0.923079731559453,1.4785245434064909,0.9249706664487639,1.4925484945989074,0.12942827156522918,0.05325971570932666,0.17930702226195072,0.02314648865624891,0.5554448118470379,0.5675778281501435,0.5675778281501435,0.5554448118470381,0.9994089834515366,0.0,11.820171236036238
rain_6h_mm,std,Hiroshima-fitted model-input scale,15168,5076,1.1194296563993922,2.6720460177247447,1.0309810101497596,2.6909359744525516,0.23892716033984387,0.06948456262030586,0.23148289692528778,0.05151288851867042,1.5526163613253525,1.659954964302792,1.659954964302792,1.552616361325353,1.0,0.0,12.475484135781912
rain_12h_mm,std,Hiroshima-fitted model-input scale,15168,5076,1.0522352127790746,3.1418827373557545,1.0139529100346067,3.1675188162017958,0.16402501272335882,0.06717639555550226,0.1337959051129557,0.06452306920356365,2.08964752457668,2.153565906167189,2.153565906167189,2.0896475245766797,1.0,0.0,12.461138990792024
rain_24h_mm,std,Hiroshima-fitted model-input scale,15168,5076,1.0549524952307439,1.052319376834681,1.0419052034921779,1.1095512318764533,0.07953039042483016,0.1343298664097797,0.1047446526973781,0.21201959765257006,-0.002633118396062839,0.06764602838427547,0.06764602838427547,0.0710148990218984,0.30721482828101465,3.74877e-319,5.934044604091063
rain_48h_mm,std,Hiroshima-fitted model-input scale,15168,5076,0.759690034441019,0.6985588043157538,0.7597425404160562,0.74571506616201,0.14040771601442406,0.10322058375390454,0.21240200777246165,0.1729752643910234,-0.061131230125265223,-0.014027474254046157,0.014027474254046157,0.06687647572507738,0.36045556902175546,0.0,3.3161272694972834
rain_72h_mm,std,Hiroshima-fitted model-input scale,15168,5076,0.8275861772107415,1.0219228957508748,0.8032073271622201,1.08981025494801,0.11889991840542637,0.14950905448804916,0.13912678964102287,0.2513948755504096,0.19433671854013335,0.2866029277857899,0.2866029277857899,0.19433671854013343,0.5746769358909138,0.0,4.4059022464953985
rain_120h_mm,std,Hiroshima-fitted model-input scale,15168,5076,0.6184521410248286,0.6277769033275394,0.624962896625841,0.6641320424203127,0.07662154313719821,0.09796605570808073,0.12558499524219857,0.15148055969194085,0.009324762302710843,0.039169145794471616,0.039169145794471616,0.02702051299425283,0.3515066246221983,0.0,5.071641524756024
api_k090_step30m_120h,std,Hiroshima-fitted model-input scale,15168,5076,1.23829009367684,1.1548502043076654,1.1763844957192833,1.167831426360061,0.20272742017328224,0.15296851624716687,0.29842625167253556,0.16308562662785064,-0.08343988936917457,-0.008553069359222176,0.008553069359222176,0.09698999136710645,0.2666457192446958,3.2887115561265614e-239,3.446565545667119
rain_30m_mm,max,Hiroshima-fitted model-input scale,15168,5076,1.8765192040426948,1.3276470812452976,1.8575078248977661,1.484157919883728,0.22639009346733058,0.2411891636304242,0.24182343482971191,0.4109971523284912,-0.5488721227973972,-0.3733499050140381,0.3733499050140381,0.5488721227973972,0.8626714135021097,0.0,10.978343671944732
rain_1h_mm,max,Hiroshima-fitted model-input scale,15168,5076,1.4997326066316683,1.1315595903342122,1.4677835702896118,1.2041611671447754,0.21120311677084658,0.20168954153202398,0.23032701015472412,0.3436381220817566,-0.36817301629745613,-0.2636224031448364,0.2636224031448364,0.3681730162974562,0.7369025620692062,0.0,9.042400322332973
rain_3h_mm,max,Hiroshima-fitted model-input scale,15168,5076,1.7284390379120655,1.2072410332560068,1.7379279136657715,1.1942704916000366,0.24224398109845055,0.20225336700092436,0.3636425733566284,0.12876784801483154,-0.5211980046560587,-0.5436574220657349,0.5436574220657349,0.5211980046560586,0.8010895776600732,0.0,9.872902553690084
rain_6h_mm,max,Hiroshima-fitted model-input scale,15168,5076,2.0939171344419067,1.4472640298242359,2.0669808387756348,1.5710644721984863,0.2959871337916616,0.33026867197767584,0.4777693748474121,0.30345475673675537,-0.6466531046176709,-0.49591636657714844,0.49591636657714844,0.646653104617671,0.853630044837458,0.0,9.345326347294352
rain_12h_mm,max,Hiroshima-fitted model-input scale,15168,5076,2.0186608060172717,1.005136015058091,1.9842348098754883,1.0365091562271118,0.21281939884129356,0.36433671212289465,0.286426305770874,0.26143354177474976,-1.0135247909591807,-0.9477256536483765,0.9477256536483765,1.0135247909591805,1.0,0.0,12.446940461899116
rain_24h_mm,max,Hiroshima-fitted model-input scale,15168,5076,1.0907826633448026,-0.2011290304537735,1.0232583284378052,-0.17924486100673676,0.21734029409358144,0.2956502661660729,0.2865092158317566,0.2142578884959221,-1.2919116937985762,-1.202503189444542,1.202503189444542,1.291911693798576,1.0,0.0,13.050084967541071
rain_48h_mm,max,Hiroshima-fitted model-input scale,15168,5076,1.6711975407279744,0.22766738960892255,1.6663094758987427,0.25539344549179077,0.108879191269891,0.19269929728795035,0.1816387176513672,0.06723956763744354,-1.443530151119052,-1.410916030406952,1.410916030406952,1.443530151119052,1.0,0.0,13.085648100247784
rain_72h_mm,max,Hiroshima-fitted model-input scale,15168,5076,1.6219398710672361,-0.7092251118662979,1.6336016654968262,-0.6690677404403687,0.18145005966056418,0.2814218094259654,0.2975732088088989,0.09756582975387573,-2.331164982933534,-2.302669405937195,2.302669405937195,2.3311649829335344,1.0,0.0,13.08659840908546
rain_120h_mm,max,Hiroshima-fitted model-input scale,15168,5076,1.4304967887290923,-0.610231286773445,1.416202187538147,-0.5821782946586609,0.16290330886834592,0.2080016092233697,0.25228357315063477,0.07202619314193726,-2.040728075502537,-1.9983804821968079,1.9983804821968079,2.0407280755025368,1.0,0.0,13.005400507861616
api_k090_step30m_120h,max,Hiroshima-fitted model-input scale,15168,5076,4.857522442795431,2.363193568725864,4.829339504241943,2.1862571239471436,1.1268386795659637,0.7968771445238184,1.639225959777832,0.7574902772903442,-2.494328874069567,-2.6430823802948,2.6430823802948,2.4943288740695664,0.8752955082742316,0.0,10.182486501896811
rain_30m_mm,min,Hiroshima-fitted model-input scale,15168,5076,-1.106915374038906,-1.1128472089767456,-1.1128472089767456,-1.1128472089767456,0.02410732723176471,0.0,0.0,0.0,-0.005931834937839664,0.0,0.0,0.005931834937839563,0.14978902953586493,5.938182698794273e-75,1.395569821993515
rain_1h_mm,min,Hiroshima-fitted model-input scale,15168,5076,-1.3689622472783056,-1.4056206941604614,-1.4011454582214355,-1.4056206941604614,0.056154621230327474,0.0,0.06489217281341553,0.0,-0.036658446882155804,-0.004475235939025879,0.004475235939025879,0.03665844688215586,0.5029008438818565,0.0,6.196773343467294
rain_3h_mm,min,Hiroshima-fitted model-input scale,15168,5076,-2.332030093171614,-2.8876116275787354,-2.230886697769165,-2.8876116275787354,0.47777919428885984,0.0,0.7706785202026367,0.0,-0.5555815344071213,-0.6567249298095703,0.6567249298095703,0.5555815344071213,0.9332146624472574,0.0,13.253856682165544
rain_6h_mm,min,Hiroshima-fitted model-input scale,15168,5076,-3.301452332313805,-5.815306099594062,-3.0676205158233643,-5.815368175506592,0.8259612831784584,0.0017060361953943174,1.3733305931091309,0.0,-2.5138537672802572,-2.7477476596832275,2.7477476596832275,2.513853767280257,1.0,0.0,13.872144076435657
rain_12h_mm,min,Hiroshima-fitted model-input scale,15168,5076,-4.39897354497311,-7.972389357027996,-3.933161497116089,-7.994786262512207,1.020442445123712,0.03774342823860112,1.4143905639648438,0.06364631652832031,-3.5734158120548862,-4.061624765396118,4.061624765396118,3.5734158120548862,1.0,0.0,12.537539427968245
rain_24h_mm,min,Hiroshima-fitted model-input scale,15168,5076,-4.678163068125394,-5.315218941633677,-4.326718807220459,-5.396973133087158,0.8277136517773249,0.7048149231453339,1.159334659576416,1.2517411708831787,-0.6370558735082827,-1.0702543258666992,1.0702543258666992,0.6963600416451647,0.4444751486269464,0.0,4.865020472309194
rain_48h_mm,min,Hiroshima-fitted model-input scale,15168,5076,-1.8722328204869878,-2.8139392193421497,-1.9067007303237915,-2.7890923023223877,0.5545498055600699,0.29802935431303035,0.8898924589157104,0.5444574356079102,-0.9417063988551619,-0.8823915719985962,0.8823915719985962,0.941706398855162,0.7620703284755265,0.0,8.876457120221962
rain_72h_mm,min,Hiroshima-fitted model-input scale,15168,5076,-2.439633453107647,-5.154909433578299,-2.380617141723633,-5.115885257720947,0.6631858573425007,0.4284207788490239,0.6777245998382568,0.7808151245117188,-2.7152759804706514,-2.7352681159973145,2.7352681159973145,2.715275980470652,0.9999340717299579,0.0,12.631075841659023
rain_120h_mm,min,Hiroshima-fitted model-input scale,15168,5076,-1.1028744222710247,-3.137919639676833,-0.9638046622276306,-3.213610887527466,0.44214688913543027,0.2634836999191911,0.37128138542175293,0.5206408500671387,-2.0350452174058082,-2.249806225299835,2.249806225299835,2.0350452174058082,1.0,0.0,12.629830412811947
api_k090_step30m_120h,min,Hiroshima-fitted model-input scale,15168,5076,-1.6577765051637017,-2.140576463360031,-1.6008862257003784,-2.146266222000122,0.23064710355593232,0.008769347575516348,0.43444180488586426,0.015614032745361328,-0.48279995819632937,-0.5453799962997437,0.5453799962997437,0.4827999581963294,0.9831882911392406,0.0,12.511176358892099
rain_30m_mm,last,Hiroshima-fitted model-input scale,15168,5076,1.2472645776652838,0.339219638954487,1.0281234979629517,0.8793335556983948,0.47267908018427834,0.9929218522362648,0.9235489368438721,2.021510899066925,-0.9080449387107967,-0.14878994226455688,0.14878994226455688,0.9099404039545038,0.37332545311268717,0.0,5.719957591695255
rain_1h_mm,last,Hiroshima-fitted model-input scale,15168,5076,1.1739479648224411,0.3809559167420728,1.3240376710891724,0.5365224480628967,0.32900131649537245,0.7549700916381838,0.5870459526777267,0.7751628160476685,-0.7929920480803683,-0.7875152230262756,0.7875152230262756,0.7929920480803684,0.6336270959890674,0.0,9.216378378119389
rain_3h_mm,last,Hiroshima-fitted model-input scale,15168,5076,1.717673346997565,1.085339782828534,1.7379279136657715,1.164632797241211,0.24944482089008252,0.3339314669921969,0.3636425733566284,0.4650891423225403,-0.6323335641690309,-0.5732951164245605,0.5732951164245605,0.6323335641690307,0.7979957805907173,0.0,9.914019418078771
rain_6h_mm,last,Hiroshima-fitted model-input scale,15168,5076,2.092758738038912,1.382908346010717,2.0669808387756348,1.4709551334381104,0.29561664441483254,0.42022843411809574,0.4777693748474121,0.30345475673675537,-0.7098503920281951,-0.5960257053375244,0.5960257053375244,0.7098503920281951,0.853630044837458,0.0,9.341941235777071
rain_12h_mm,last,Hiroshima-fitted model-input scale,15168,5076,2.0186608060172717,1.0051356803162455,1.9842348098754883,1.0365091562271118,0.21281939884129356,0.3643372146946494,0.286426305770874,0.26143354177474976,-1.0135251257010263,-0.9477256536483765,0.9477256536483765,1.0135251257010263,1.0,0.0,12.446940461899116
rain_24h_mm,last,Hiroshima-fitted model-input scale,15168,5076,1.090724462332825,-0.2011318016470276,1.0232583284378052,-0.17924486100673676,0.21743957013941748,0.29565935322857345,0.2865092158317566,0.2142578884959221,-1.2918562639798525,-1.202503189444542,1.202503189444542,1.2918562639798525,1.0,0.0,13.050084967541071
rain_48h_mm,last,Hiroshima-fitted model-input scale,15168,5076,1.6711975407279744,0.22766738960892255,1.6663094758987427,0.25539344549179077,0.108879191269891,0.19269929728795035,0.1816387176513672,0.06723956763744354,-1.443530151119052,-1.410916030406952,1.410916030406952,1.443530151119052,1.0,0.0,13.085648100247784
rain_72h_mm,last,Hiroshima-fitted model-input scale,15168,5076,1.6219398710672361,-0.7092251118662979,1.6336016654968262,-0.6690677404403687,0.18145005966056418,0.2814218094259654,0.2975732088088989,0.09756582975387573,-2.331164982933534,-2.302669405937195,2.302669405937195,2.3311649829335344,1.0,0.0,13.08659840908546
rain_120h_mm,last,Hiroshima-fitted model-input scale,15168,5076,1.4304967887290923,-0.6102594603014518,1.416202187538147,-0.5821782946586609,0.16290330886834592,0.20812664433555034,0.25228357315063477,0.07202619314193726,-2.040756249030544,-1.9983804821968079,1.9983804821968079,2.040756249030544,1.0,0.0,13.005400507861616
api_k090_step30m_120h,last,Hiroshima-fitted model-input scale,15168,5076,4.820042357807547,2.188872976837734,4.829339504241943,1.980829119682312,1.1247134374750103,0.9778156164473145,1.665946125984192,0.9615447521209717,-2.631169380969813,-2.8485103845596313,2.8485103845596313,2.631169380969813,0.8752295800041895,0.0,10.941705550950509
rain_30m_mm,p90,Hiroshima-fitted model-input scale,15168,5076,0.8167460490194962,0.5680757845664609,0.8101463973522186,0.5154603749513627,0.0929462280372605,0.14091578623143716,0.08569750785827634,0.23777069449424726,-0.2486702644530353,-0.29468602240085595,0.29468602240085595,0.24867026445303547,0.7616203641360186,0.0,8.830462237596535
rain_1h_mm,p90,Hiroshima-fitted model-input scale,15168,5076,0.7457075588020028,0.5067713729693747,0.7377075016498567,0.4792757421731953,0.07916824376032842,0.1511360275174584,0.09549087882041918,0.043191304802894515,-0.2389361858326281,-0.25843175947666136,0.25843175947666136,0.239073333803435,0.8796947786056997,0.0,10.512037410104826
rain_3h_mm,p90,Hiroshima-fitted model-input scale,15168,5076,0.899400437084903,0.6420302960566643,0.8882287025451662,0.6807308375835419,0.13170904489274218,0.19776863254523133,0.19933744072914117,0.40704862475395204,-0.25737014102823874,-0.20749786496162426,0.20749786496162426,0.2573701410282388,0.6457840819542947,0.0,5.447655940524518
rain_6h_mm,p90,Hiroshima-fitted model-input scale,15168,5076,0.8710670914599195,0.5576872225947697,0.8418989300727845,0.516032010316849,0.22187318781924284,0.2674321661804777,0.3855630278587342,0.5204531103372575,-0.3133798688651498,-0.3258669197559355,0.3258669197559355,0.3133798688651497,0.6455870764381403,0.0,6.713800115096124
rain_12h_mm,p90,Hiroshima-fitted model-input scale,15168,5076,0.9349952953124915,-0.3610320488302241,0.8852605521678926,-0.4556574523448944,0.21827677204102142,0.2386365874228625,0.3752559423446654,0.4130805656779557,-1.2960273441427157,-1.3409180045127869,1.3409180045127869,1.2960273441427155,1.0,0.0,13.23292874696017
rain_24h_mm,p90,Hiroshima-fitted model-input scale,15168,5076,0.4268178778186732,-1.340548406602408,0.40004833042621624,-1.4148199558258057,0.15777928559288776,0.19588610404851853,0.177383154630661,0.3450864553451536,-1.7673662844210813,-1.8148682862520218,1.8148682862520218,1.7673662844210811,1.0,0.0,12.446711483190006
rain_48h_mm,p90,Hiroshima-fitted model-input scale,15168,5076,0.9277614865939325,-0.666354761581495,0.9139366060495377,-0.6780358433723448,0.1338576292836133,0.1254938080344113,0.17859475612640363,0.2249415576457977,-1.5941162481754274,-1.5919724494218825,1.5919724494218825,1.5941162481754276,1.0,0.0,13.587547981946239
rain_72h_mm,p90,Hiroshima-fitted model-input scale,15168,5076,0.7161433518561633,-2.0192893425952363,0.6726595580577851,-2.036887919902801,0.17087883970259424,0.18427288910304063,0.19494499415159205,0.3291552424430848,-2.7354326944514,-2.7095474779605864,2.7095474779605864,2.7354326944513994,1.0,0.0,13.610414068794737
rain_120h_mm,p90,Hiroshima-fitted model-input scale,15168,5076,0.8131859150552092,-1.572002415775877,0.8425737619400024,-1.5852423191070555,0.1452984600827917,0.13556853034632005,0.19101813435554504,0.24403616189956656,-2.3851883308310864,-2.427816081047058,2.427816081047058,2.385188330831086,1.0,0.0,12.629422078163289
api_k090_step30m_120h,p90,Hiroshima-fitted model-input scale,15168,5076,1.1948401847253023,0.5008242286131495,1.1673334836959839,0.47158365249633794,0.39751400200785136,0.47032999095350453,0.542613404989244,1.0326172622852028,-0.6940159561121528,-0.695749831199646,0.695749831199646,0.694015956112153,0.6455870764381403,0.0,7.64224545439013
rain_30m_mm,peak_position_fraction,Hiroshima-fitted model-input scale,15168,5076,0.9742898856478934,0.9269794771644909,0.9710144927536232,0.9420289855072463,0.019727887821908433,0.05613812100089058,0.02898550724637683,0.14492753623188404,-0.04731040848340251,-0.02898550724637683,0.02898550724637683,0.04779145197004794,0.6025407477232148,0.0,4.546164045761844
rain_1h_mm,peak_position_fraction,Hiroshima-fitted model-input scale,15168,5076,0.9756495367822419,0.9336748095613345,0.9710144927536232,0.9565217391304348,0.017848559830117405,0.04195023850409251,0.02898550724637683,0.10144927536231885,-0.04197472722090734,-0.01449275362318836,0.01449275362318836,0.041988103971350756,0.47182166512054746,0.0,6.105285863732688
rain_3h_mm,peak_position_fraction,Hiroshima-fitted model-input scale,15168,5076,0.9891075032104202,0.9630800242116925,1.0,0.9710144927536232,0.02196093266749391,0.042890677171373015,0.01449275362318836,0.04347826086956519,-0.026027478998727704,-0.02898550724637683,0.02898550724637683,0.026835816918375454,0.3418296637938774,0.0,0.6650320160510581
rain_6h_mm,peak_position_fraction,Hiroshima-fitted model-input scale,15168,5076,0.9998547667094723,0.9910576626580327,1.0,1.0,0.0020600869295532473,0.03685830799517924,0.0,0.01449275362318836,-0.00879710405143952,0.0,0.0,0.008797104051439575,0.36409549530678,0.0,
rain_12h_mm,peak_position_fraction,Hiroshima-fitted model-input scale,15168,5076,1.0,0.9991177579059173,1.0,1.0,0.0,0.0034771431137919947,0.0,0.0,-0.0008822420940827191,0.0,0.0,0.0008822420940829794,0.06067769897557131,1.2952583794834576e-12,
rain_24h_mm,peak_position_fraction,Hiroshima-fitted model-input scale,15168,5076,0.9998987188895004,0.999109192448693,1.0,1.0,0.002629358478797118,0.003492774586788592,0.0,0.0,-0.000789526440807431,0.0,0.0,0.000900384961283408,0.058301943372135935,1.117330746659296e-11,
rain_48h_mm,peak_position_fraction,Hiroshima-fitted model-input scale,15168,5076,1.0,0.9991177579059173,1.0,1.0,0.0,0.0034771431137919947,0.0,0.0,-0.0008822420940827191,0.0,0.0,0.0008822420940829794,0.06067769897557131,1.2952583794834576e-12,
rain_72h_mm,peak_position_fraction,Hiroshima-fitted model-input scale,15168,5076,1.0,0.9991177579059173,1.0,1.0,0.0,0.0034771431137919947,0.0,0.0,-0.0008822420940827191,0.0,0.0,0.0008822420940829794,0.06067769897557131,1.2952583794834576e-12,
rain_120h_mm,peak_position_fraction,Hiroshima-fitted model-input scale,15168,5076,1.0,0.9985781341007983,1.0,1.0,0.0,0.022439856699386685,0.0,0.0,-0.0014218658992016797,0.0,0.0,0.0014218658992016966,0.06126871552403467,7.477071970736976e-13,
api_k090_step30m_120h,peak_position_fraction,Hiroshima-fitted model-input scale,15168,5076,0.991746544976457,0.9923453363940568,1.0,1.0,0.014293968239210872,0.010872841361668958,0.01449275362318836,0.01449275362318836,0.0005987914175997755,0.0,0.0,0.00235222544312326,0.10001630282989696,1.4350442539165941e-33,0.0011680432743476701
