feature,geometry_measure,h_n,k_n,h_mean,k_mean,h_median,k_median,h_std,k_std,h_iqr,k_iqr,delta_mean,delta_median,abs_delta_median,wasserstein,ks_statistic,ks_pvalue,psi_hiroshima_bins
rain_30m_mm,within_set_mean_absolute_deviation,5056,1692,0.05581467111863668,0.02946482348135202,0.024427693842777185,0.0,0.0609367616654573,0.04032203699551102,0.09988044017837162,0.0683915014345465,-0.02634984763728466,-0.024427693842777185,0.024427693842777185,0.02634984763728466,0.2846015875153365,4.698695570333972e-91,1.895103721456332
rain_30m_mm,within_set_max_absolute_deviation,5056,1692,0.3467488778105853,0.4902381681205251,0.1924903653562069,0.0,0.3824316395253401,0.6542367054343816,0.706389347712199,1.3476739327112834,0.14348929030993984,-0.1924903653562069,0.1924903653562069,0.24392004476098447,0.2865308076727414,2.6359762022489754e-92,1.1543162820245672
rain_1h_mm,within_set_mean_absolute_deviation,5056,1692,0.04900979273374726,0.028858532040100596,0.021249260168336885,0.0,0.05379939087609813,0.03952566087219671,0.08697131584797588,0.07394288966269602,-0.020151260693646665,-0.021249260168336885,0.021249260168336885,0.020151260693646658,0.20712511595894306,4.1914495619018824e-48,1.9238170063869908
rain_1h_mm,within_set_max_absolute_deviation,5056,1692,0.2850625473329197,0.3868042189313042,0.14733117818832403,0.0,0.31946012761769926,0.5598202625518592,0.579412559668223,0.8561858981847763,0.10174167159838449,-0.14733117818832403,0.14733117818832403,0.18644614454205327,0.20054912170452166,4.186339194497522e-45,0.6757003294161037
rain_3h_mm,within_set_mean_absolute_deviation,5056,1692,0.05639879719775849,0.03872579979762694,0.02197827078283779,0.0,0.06291857382308934,0.05372391606786698,0.10624673587698778,0.09205064383697595,-0.01767299740013155,-0.02197827078283779,0.02197827078283779,0.017685489727345526,0.16324961845767125,5.741018935214352e-30,0.18168388817590672
rain_3h_mm,within_set_max_absolute_deviation,5056,1692,0.30515371045970335,0.3029280009945903,0.14103730519612634,0.0,0.3471806414218483,0.422176962135936,0.5618369777997335,0.6955140866339207,-0.0022257094651130793,-0.14103730519612634,0.14103730519612634,0.10982874089918221,0.17633754900200496,6.44464540671686e-35,0.6899518251556784
rain_6h_mm,within_set_mean_absolute_deviation,5056,1692,0.06883004116848461,0.06579265665179151,0.027411948193773794,0.0,0.07823551330301776,0.09307210127723448,0.12709479674933444,0.15436339271920063,-0.003037384516693095,-0.027411948193773794,0.027411948193773794,0.023034971244572065,0.13054124771822725,2.721863029536065e-19,0.385032285321108
rain_6h_mm,within_set_max_absolute_deviation,5056,1692,0.38996887820151943,0.5022616095611954,0.15116436282793683,0.0,0.46028170879946867,0.7078881996123114,0.7640479405721028,1.104665756225586,0.11229273135967593,-0.15116436282793683,0.15116436282793683,0.21649594831758676,0.2253811682676482,5.906251324180015e-57,0.5014368264393212
rain_12h_mm,within_set_mean_absolute_deviation,5056,1692,0.05854617725704868,0.08757381949686785,0.018932079239970177,0.0,0.06753478470859148,0.12275597738640108,0.10524678878866808,0.2182937633896631,0.02902764223981917,-0.018932079239970177,0.018932079239970177,0.043384100455676464,0.2385167916030763,8.365323439907478e-64,0.6003428844116545
rain_12h_mm,within_set_max_absolute_deviation,5056,1692,0.3006326643289061,0.5863765450275207,0.10179884918034077,0.0,0.37816207909765875,0.8245105521589589,0.47878288477659225,1.2855304082234698,0.28574388069861456,-0.10179884918034077,0.10179884918034077,0.34669604869053056,0.2663296376095999,1.206567065038772e-79,0.9652310203367946
rain_24h_mm,within_set_mean_absolute_deviation,5056,1692,0.03335964924068176,0.07250771187844801,0.011828613176291428,0.0,0.038145741932196865,0.10369960912313057,0.05826264146331048,0.20509332967182947,0.039148062637766254,-0.011828613176291428,0.011828613176291428,0.04745175843232897,0.2879410180447078,3.1621415778098946e-93,0.8002686098525847
rain_24h_mm,within_set_max_absolute_deviation,5056,1692,0.22313070053272518,0.39756283765237466,0.06704910596211766,0.0,0.2964743385497254,0.5672779987144155,0.3114820321400962,1.1012949943542478,0.17443213711964947,-0.06704910596211766,0.06704910596211766,0.21847044951061345,0.2491995092318281,1.1331288892637257e-69,0.9946467990209616
rain_48h_mm,within_set_mean_absolute_deviation,5056,1692,0.033896516941696146,0.06034572075211699,0.01110069684920803,0.0,0.039752974749470045,0.08964943912672292,0.05973827656476741,0.15121751654715768,0.026449203810420846,-0.01110069684920803,0.01110069684920803,0.036294066684664575,0.26171980204686235,6.819834107526486e-77,1.7503758039216848
rain_48h_mm,within_set_max_absolute_deviation,5056,1692,0.1419181841638995,0.15666193814494653,0.06208701928456628,0.0,0.17795233453589823,0.22134777277510378,0.25991392135620117,0.4103486140569051,0.01474375398104702,-0.06208701928456628,0.06208701928456628,0.06059922983578667,0.19581163778914923,5.259424765839165e-43,0.6403934132869185
rain_72h_mm,within_set_mean_absolute_deviation,5056,1692,0.03778369808920004,0.08790153939759351,0.013774388124297801,0.0,0.04863304916060629,0.13050563372047158,0.0677876004978778,0.2211661119309683,0.050117841308393474,-0.013774388124297801,0.013774388124297801,0.058939886554333645,0.26390712436783675,3.42074679727041e-78,0.9547628663540513
rain_72h_mm,within_set_max_absolute_deviation,5056,1692,0.13700332828082207,0.22964346321949905,0.0631245424350102,0.0,0.1827743893018739,0.3244943607846455,0.23889827728271484,0.6014757355054219,0.09264013493867698,-0.0631245424350102,0.0631245424350102,0.12216450089240835,0.22929852320675106,5.902567715827415e-59,0.8225964786292335
rain_120h_mm,within_set_mean_absolute_deviation,5056,1692,0.026226256550050696,0.04524273503131547,0.009597804468302499,0.0,0.033469042320980615,0.06318468468712281,0.0476554863182606,0.11302671924469965,0.019016478481264774,-0.009597804468302499,0.009597804468302499,0.024572104062065885,0.2488114208337074,1.8724415219796944e-69,0.9947371750468432
rain_120h_mm,within_set_max_absolute_deviation,5056,1692,0.09234175509500576,0.1701359278203184,0.040744553009669005,0.0,0.11555468508423977,0.24002626313776013,0.18247664719820028,0.40790414810180664,0.07779417272531262,-0.040744553009669005,0.040744553009669005,0.09795310627624822,0.2572151711703624,2.9816093244545955e-74,1.294780460194275
api_k090_step30m_120h,within_set_mean_absolute_deviation,5056,1692,0.06847243079737925,0.03536397656758886,0.025540842557518137,0.0,0.07645727974810955,0.04905727447148321,0.14610666350003265,0.09341633685879289,-0.033108454229790384,-0.025540842557518137,0.025540842557518137,0.03310845422979039,0.26114094248436426,1.4999426509651526e-76,0.6996551355725853
api_k090_step30m_120h,within_set_max_absolute_deviation,5056,1692,0.3678919522378241,0.2798721196340548,0.17339563369750977,0.0,0.4148480692280787,0.395185347948395,0.6674839655558267,0.5794832607110341,-0.08801983260376933,-0.17339563369750977,0.17339563369750977,0.09050938028248728,0.14103366175898494,1.8746282321966278e-22,0.2747272452153579
