field_name,dtype,missing_count,missing_fraction
dem_elevation_mean,float64,0,0.0
dem_elevation_median,float64,0,0.0
dem_elevation_std,float64,0,0.0
dem_elevation_min,float64,0,0.0
dem_elevation_max,float64,0,0.0
dem_slope_mean,float64,0,0.0
dem_slope_median,float64,0,0.0
dem_slope_std,float64,0,0.0
dem_slope_min,float64,0,0.0
dem_slope_max,float64,0,0.0
dem_aspect_sin_mean,float64,0,0.0
dem_aspect_sin_median,float64,0,0.0
dem_aspect_sin_std,float64,0,0.0
dem_aspect_sin_min,float64,0,0.0
dem_aspect_sin_max,float64,0,0.0
dem_aspect_cos_mean,float64,0,0.0
dem_aspect_cos_median,float64,0,0.0
dem_aspect_cos_std,float64,0,0.0
dem_aspect_cos_min,float64,0,0.0
dem_aspect_cos_max,float64,0,0.0
dem_profile_curvature_mean,float64,0,0.0
dem_profile_curvature_median,float64,0,0.0
dem_profile_curvature_std,float64,0,0.0
dem_profile_curvature_min,float64,0,0.0
dem_profile_curvature_max,float64,0,0.0
dem_plan_curvature_mean,float64,0,0.0
dem_plan_curvature_median,float64,0,0.0
dem_plan_curvature_std,float64,0,0.0
dem_plan_curvature_min,float64,0,0.0
dem_plan_curvature_max,float64,0,0.0
dem_twi_mean,float64,0,0.0
dem_twi_median,float64,0,0.0
dem_twi_std,float64,0,0.0
dem_twi_min,float64,0,0.0
dem_twi_max,float64,0,0.0
dem_roughness_mean,float64,0,0.0
dem_roughness_median,float64,0,0.0
dem_roughness_std,float64,0,0.0
dem_roughness_min,float64,0,0.0
dem_roughness_max,float64,0,0.0
soil_clay_0_5cm,float64,234,0.015427215189873418
soil_clay_5_15cm,float64,234,0.015427215189873418
soil_clay_15_30cm,float64,234,0.015427215189873418
soil_sand_0_5cm,float64,234,0.015427215189873418
soil_sand_5_15cm,float64,234,0.015427215189873418
soil_sand_15_30cm,float64,234,0.015427215189873418
soil_silt_0_5cm,float64,234,0.015427215189873418
soil_silt_5_15cm,float64,234,0.015427215189873418
soil_silt_15_30cm,float64,234,0.015427215189873418
soil_bdod_0_5cm,float64,234,0.015427215189873418
soil_bdod_5_15cm,float64,234,0.015427215189873418
soil_bdod_15_30cm,float64,234,0.015427215189873418
soil_soc_0_5cm,float64,234,0.015427215189873418
soil_soc_5_15cm,float64,234,0.015427215189873418
soil_soc_15_30cm,float64,234,0.015427215189873418
soil_cec_0_5cm,float64,234,0.015427215189873418
soil_cec_5_15cm,float64,234,0.015427215189873418
soil_cec_15_30cm,float64,234,0.015427215189873418
ndvi_pre_event,float64,0,0.0
lc_tree_ratio,float64,0,0.0
lc_shrub_ratio,float64,0,0.0
lc_grass_ratio,float64,0,0.0
lc_crops_ratio,float64,0,0.0
lc_builtup_ratio,float64,0,0.0
lc_bare_ratio,float64,0,0.0
lc_permanent_water_ratio,float64,0,0.0
lc_seasonal_water_ratio,float64,0,0.0
road_distance_to_any_road_m,float64,0,0.0
road_distance_to_major_road_m,float64,0,0.0
road_distance_to_primary_road_m,float64,0,0.0
road_nearest_road_class,object,0,0.0
road_length_within_grid_m,float64,0,0.0
road_density_km_per_km2,float64,0,0.0
river_distance_to_osm_river_m,float64,0,0.0
river_length_m,float64,0,0.0
river_density_km_km2,float64,0,0.0
hydro_hnd_zonal_mean_m,float64,0,0.0
hydro_hnd_zonal_std_m,float64,0,0.0
hydro_upa_zonal_mean_log1p,float64,0,0.0
hydro_upa_zonal_max_log1p,float64,0,0.0
coast_distance_to_centroid_m,float64,0,0.0
geology_valid_fraction,float64,0,0.0
geology_missing_fraction,float64,0,0.0
geology_dominant_fraction,float64,0,0.0
geology_entropy,float64,0,0.0
geology_accretionary_complex_fraction,float64,0,0.0
geology_metamorphic_rock_fraction,float64,0,0.0
geology_mixed_or_other_fraction,float64,0,0.0
geology_plutonic_rock_fraction,float64,0,0.0
geology_sedimentary_rock_fraction,float64,0,0.0
geology_unconsolidated_sediment_fraction,float64,0,0.0
geology_volcanic_rock_fraction,float64,0,0.0
