time_index,timestamp_utc
0,2018-07-05 00:30:00+00:00
1,2018-07-05 01:00:00+00:00
2,2018-07-05 01:30:00+00:00
3,2018-07-05 02:00:00+00:00
4,2018-07-05 02:30:00+00:00
5,2018-07-05 03:00:00+00:00
6,2018-07-05 03:30:00+00:00
7,2018-07-05 04:00:00+00:00
8,2018-07-05 04:30:00+00:00
9,2018-07-05 05:00:00+00:00
10,2018-07-05 05:30:00+00:00
11,2018-07-05 06:00:00+00:00
12,2018-07-05 06:30:00+00:00
13,2018-07-05 07:00:00+00:00
14,2018-07-05 07:30:00+00:00
15,2018-07-05 08:00:00+00:00
16,2018-07-05 08:30:00+00:00
17,2018-07-05 09:00:00+00:00
18,2018-07-05 09:30:00+00:00
19,2018-07-05 10:00:00+00:00
20,2018-07-05 10:30:00+00:00
21,2018-07-05 11:00:00+00:00
22,2018-07-05 11:30:00+00:00
23,2018-07-05 12:00:00+00:00
24,2018-07-05 12:30:00+00:00
25,2018-07-05 13:00:00+00:00
26,2018-07-05 13:30:00+00:00
27,2018-07-05 14:00:00+00:00
28,2018-07-05 14:30:00+00:00
29,2018-07-05 15:00:00+00:00
30,2018-07-05 15:30:00+00:00
31,2018-07-05 16:00:00+00:00
32,2018-07-05 16:30:00+00:00
33,2018-07-05 17:00:00+00:00
34,2018-07-05 17:30:00+00:00
35,2018-07-05 18:00:00+00:00
36,2018-07-05 18:30:00+00:00
37,2018-07-05 19:00:00+00:00
38,2018-07-05 19:30:00+00:00
39,2018-07-05 20:00:00+00:00
40,2018-07-05 20:30:00+00:00
41,2018-07-05 21:00:00+00:00
42,2018-07-05 21:30:00+00:00
43,2018-07-05 22:00:00+00:00
44,2018-07-05 22:30:00+00:00
45,2018-07-05 23:00:00+00:00
46,2018-07-05 23:30:00+00:00
47,2018-07-06 00:00:00+00:00
48,2018-07-06 00:30:00+00:00
49,2018-07-06 01:00:00+00:00
50,2018-07-06 01:30:00+00:00
51,2018-07-06 02:00:00+00:00
52,2018-07-06 02:30:00+00:00
53,2018-07-06 03:00:00+00:00
54,2018-07-06 03:30:00+00:00
55,2018-07-06 04:00:00+00:00
56,2018-07-06 04:30:00+00:00
57,2018-07-06 05:00:00+00:00
58,2018-07-06 05:30:00+00:00
59,2018-07-06 06:00:00+00:00
60,2018-07-06 06:30:00+00:00
61,2018-07-06 07:00:00+00:00
62,2018-07-06 07:30:00+00:00
63,2018-07-06 08:00:00+00:00
64,2018-07-06 08:30:00+00:00
65,2018-07-06 09:00:00+00:00
66,2018-07-06 09:30:00+00:00
67,2018-07-06 10:00:00+00:00
68,2018-07-06 10:30:00+00:00
69,2018-07-06 11:00:00+00:00
