variable,source_sensitive_component,residual_cross_event_difference,causal_decomposition
dem_elevation_mean,-7.609672100689409,144.43534898916144,False
dem_elevation_median,-7.93480412149313,144.52093782898208,False
dem_elevation_std,0.17687936148484829,2.7759854907101404,False
dem_elevation_min,-7.769843457759549,139.82703913216355,False
dem_elevation_max,-5.720253732007961,149.701087827781,False
dem_slope_mean,1.9668668378866392,2.640368468267535,False
dem_slope_median,2.074135163426724,2.714787878969475,False
dem_slope_std,0.5593304681242495,0.8386333614133725,False
dem_slope_min,0.6956155734221776,0.42636283260900626,False
dem_slope_max,2.6788496909770325,5.0578807407995825,False
dem_aspect_sin_mean,-0.0012808638247384235,0.09192482610535416,False
dem_aspect_sin_median,0.002268389953324429,0.12124546799723432,False
dem_aspect_sin_std,-0.015965788969851832,0.027837891387617233,False
dem_aspect_sin_min,-0.003175710334473121,0.036483303780853266,False
dem_aspect_sin_max,-0.0026627486870135723,0.012899901976632796,False
dem_aspect_cos_mean,0.004023686105157215,0.04115521540782531,False
dem_aspect_cos_median,0.005783212135897123,0.04575621082968763,False
dem_aspect_cos_std,-0.006304273642041679,0.02492282194331853,False
dem_aspect_cos_min,0.004613606092640547,0.008043562339346484,False
dem_aspect_cos_max,0.007539698844383203,0.03063313651742112,False
dem_profile_curvature_mean,0.00023208463313948336,0.00028660484287583465,False
dem_profile_curvature_median,0.00043251219650825105,0.00016410562765136095,False
dem_profile_curvature_std,0.0016493467773199852,0.0007426052436110922,False
dem_profile_curvature_min,0.0017591590719183842,0.0033730308416642053,False
dem_profile_curvature_max,0.0025979055129314423,0.0029079196396661787,False
dem_plan_curvature_mean,0.0005205101684342681,0.00023549228180494265,False
dem_plan_curvature_median,0.0016065626389711175,0.00018535870419295825,False
dem_plan_curvature_std,5.657149552621907e-05,0.022080799351121998,False
dem_plan_curvature_min,0.06849014011597554,0.2887098262917284,False
dem_plan_curvature_max,0.08035995611314975,0.21973799137299752,False
dem_twi_mean,0.2133587599170782,0.3972771784068927,False
dem_twi_median,0.28861660735600103,0.4161791615727253,False
dem_twi_std,0.13213752232974932,0.0441858750668013,False
dem_twi_min,0.09098040183403416,0.38524176697314416,False
dem_twi_max,-0.07503767739702777,0.4917808490819593,False
dem_roughness_mean,1.1864454311011459,1.246287254591853,False
dem_roughness_median,1.1990050639937382,1.2433318616813962,False
dem_roughness_std,0.3275500528418919,0.43826944634702353,False
dem_roughness_min,0.4818540715229769,0.25408886308773093,False
dem_roughness_max,1.8914642565424846,2.721263303900878,False
