variable,n_paired,original_mean,common_mean,original_median,common_median,original_std,common_std,original_p10,common_p10,original_p90,common_p90,Pearson,Spearman,MAE,RMSE,Wasserstein
dem_elevation_mean,139202,380.1793036116627,387.8870544867572,369.3474646484375,377.5965044433594,237.87825207602754,240.69872294631122,50.43429802490235,54.01571454116821,701.0044602636723,712.70193,0.9996826779068388,0.9996245815953423,8.468069134450959,10.183432439945243,7.919804613271697
dem_elevation_median,139202,379.43679638411464,387.3742333791496,368.4313201904297,377.1214904785156,238.35785470801812,241.27244767686915,48.589422988891606,52.544303894042976,700.9689025878907,712.75859375,0.9996158059349922,0.999481348953594,8.88314961264067,10.75579526721175,8.236564302729628
dem_elevation_std,139202,19.16584529778962,19.00431094505958,18.24486428915415,18.01545404300219,10.726937761840086,10.122897509033615,5.672265408435047,6.5937752796656515,33.60573192139709,32.58642817740655,0.9653573313838337,0.9597421112091834,1.9859605617915899,2.8132708370094233,0.5911349066745857
dem_elevation_min,139202,341.65532219743085,349.48471426536247,329.2495880126953,338.1509552001953,229.60951764463644,232.8944497650514,23.50301494598389,24.776708030700686,652.0907836914064,665.2215454101563,0.9991812683334381,0.999092464180246,9.19051305918613,12.635392926521032,8.026723722263224
dem_elevation_max,139202,423.2254281693852,429.4528900989636,413.12013244628906,420.40113830566406,244.83868811927476,246.32939479479154,89.59430923461916,92.05984115600586,753.2141906738283,761.403680419922,0.9996126632788078,0.9995860976530475,7.262755238557766,9.366151398431969,6.232334463154756
dem_slope_mean,138658,19.87425478556375,17.913288683449508,20.61220372543335,18.012393741893767,8.962758587017772,7.512586508869777,6.814956008498669,7.543209101830796,31.11297394432068,27.67677428053856,0.9158896624918947,0.9133180782279083,3.1386534604444924,4.156353426232757,2.230983184099937
dem_slope_median,138658,19.880825065374893,17.864739241489854,20.768025398254395,18.04535484313965,9.896661767791564,8.4197211404912,4.919756937026977,5.430497884750367,32.425686264038085,28.904890441894533,0.9028629191141866,0.9053650627710433,3.4412179967893133,4.736482286204821,2.2674697526901335
dem_slope_std,138658,7.124057975483007,6.590920621244376,7.210425243781333,6.399479793051517,2.6573125403804823,2.3780789845674453,4.047554751210591,3.984372191995314,10.066276254980778,9.460473210597671,0.7768853902733006,0.7345435664605496,1.3889391206399424,1.7838337157652688,0.7008671285403214
dem_slope_min,138658,3.0341683412820846,2.3474534435636794,1.7429308891296387,1.0925040245056152,3.570248348573501,3.3420059694895636,0.23125311434268953,0.08910539969801905,7.644942665100098,6.545782041549684,0.768934894435127,0.6851613054969302,1.4211780331431787,2.4571758512520523,0.6867148977184047
dem_slope_max,138658,37.5015557726643,33.841972679832686,39.63383102416992,34.782012939453125,11.523612143611496,8.980332930101227,23.80690269470215,22.9791015625,49.16232681274414,44.05682601928711,0.8043659871142403,0.7534416565646286,6.342464207234137,7.768624783876479,4.444585353551354
dem_aspect_sin_mean,138582,0.014186593324479647,0.00903482310505473,0.023502759687695652,0.014608762678131462,0.4189997409443801,0.43488325519705967,-0.5571731088682823,-0.5921270629654173,0.5681380248875171,0.595590498309508,0.9419658200922001,0.9489247401035382,0.08569118092165269,0.1463842057011748,0.015650547048570065
dem_aspect_sin_median,138582,0.01768580650635006,0.009534048822666846,0.0363004170358181,0.021284748800098896,0.5770198321181073,0.5798021922162022,-0.7718571454286576,-0.7894343972206116,0.778945928812027,0.7899229645729066,0.9403498564023517,0.9390023283755463,0.11535652522199115,0.19996745296056792,0.012243369495864331
dem_aspect_sin_std,138582,0.5599295459290133,0.5393652561574483,0.5820860761258951,0.5587824143814956,0.16595129733360972,0.16696905973174272,0.32830486822737226,0.30262562279004995,0.755952298482124,0.7411238166521904,0.7896991842283373,0.8143893454898482,0.0728795014522682,0.10990115456042501,0.021335340275145862
dem_aspect_sin_min,138582,-0.9247572389010934,-0.9226294619629032,-0.9999776482582092,-0.9999700784683228,0.2170166643258306,0.22774638772872985,-0.9999998807907104,-0.9999998211860657,-0.7489417076110836,-0.7515856623649597,0.6545894715771338,0.6317838054031635,0.06404865285947298,0.18510353937164373,0.009146996808202999
dem_aspect_sin_max,138582,0.9311023750609656,0.9295995783741041,0.9999837875366211,0.9999776482582092,0.21205791458445605,0.22255159069063218,0.7873374581336975,0.811073100566864,0.9999998807907104,0.9999998211860657,0.6709949713789678,0.611723201802171,0.05708350670405497,0.17654004622623928,0.008569502109250351
dem_aspect_cos_mean,138582,-0.042027157157994384,-0.038107073810646486,-0.058159759080223736,-0.050227119409615675,0.4063301921885783,0.4235669567264897,-0.5751003610495939,-0.6026373345079645,0.5137037851890657,0.5496849693773315,0.9377630219449116,0.9458761894001616,0.08709293570595897,0.14742944782925105,0.015390825179730146
dem_aspect_cos_median,138582,-0.055475879367126134,-0.04985209560690886,-0.09488522261381149,-0.0831567756831646,0.5415181424069081,0.5615769755896916,-0.7621046960353851,-0.7916799426078797,0.7064416050910951,0.748118031024933,0.935833451917973,0.9351629958044121,0.11922290371494985,0.19864694080300357,0.019653121164765846
dem_aspect_cos_std,138582,0.540130465547547,0.5345066992061795,0.5569096927872723,0.5506809501743958,0.15673417412530616,0.15950815800199128,0.32654678732105125,0.3103688795298948,0.7281190857004554,0.7281729247911549,0.7855003357046315,0.8114624835602292,0.06561578990128272,0.10375195283034648,0.007028247091438102
dem_aspect_cos_min,138582,-0.9332071670516259,-0.9380543557348203,-0.9999799132347107,-0.9999777674674988,0.2003339849454577,0.19910730113648495,-0.9999998807907104,-0.9999998211860657,-0.7812665581703175,-0.8367002785205837,0.677383557660186,0.6121042901372026,0.05158392365803914,0.160505522911173,0.0076232434526440854
dem_aspect_cos_max,138582,0.9125636256607458,0.9213465287359931,0.9999625086784363,0.9999589920043945,0.2324829990993177,0.22561286459269345,0.6817423939704895,0.7390433311462402,0.9999998211860657,0.9999997615814209,0.6387380267356215,0.6376955416756976,0.06876262624058412,0.19499116372596295,0.010792516400058683
dem_profile_curvature_mean,138582,-0.0003710142476593811,-0.0004048066472175361,-0.00037779584296501983,-0.0003486206225225033,0.0019269255013364137,0.001624057928904156,-0.002603392095823765,-0.0022299196324370406,0.0019644614762574573,0.001489196414120452,0.7258315561038161,0.8737411607040072,0.0006617738542818047,0.001344937670103991,0.00026907824476906354
dem_profile_curvature_median,138582,-0.00012539052493517827,-0.00012932727194757401,-0.00014298895257525146,-8.29753334983252e-05,0.001463920410022373,0.0008726820183167751,-0.001645929808728397,-0.0008930884359870106,0.001497433485928923,0.0007031466753687713,0.4181963441764853,0.662678577426271,0.0007559055026015693,0.0013550386521917613,0.0004527399069636683
dem_profile_curvature_std,138582,0.008598414286257457,0.006942720294938047,0.008638799150272651,0.006755658815678033,0.0035011148174647843,0.0025348275171918435,0.0042444310482865006,0.003901785770717116,0.0129127363296133,0.010140562909790549,0.5618888998789655,0.5779977193147914,0.0026754104567911544,0.003383971385043755,0.0018487463300432265
dem_profile_curvature_min,138582,-0.033608978265577565,-0.03198695623089824,-0.03227529302239418,-0.029452655464410782,0.015503716937920409,0.01568047913892781,-0.0529770590364933,-0.05283399596810341,-0.016471321508288384,-0.01429025437682867,0.45886218918217625,0.4955136892829528,0.012295132120389015,0.01630244103785499,0.0023178867042495718
dem_profile_curvature_max,138582,0.03254190669978146,0.028227748532587173,0.030927645973861217,0.027048266492784023,0.01632609270997018,0.01174043720573486,0.014198022056370973,0.014348022826015949,0.053411779552698144,0.043422320112586024,0.4680314118791117,0.5003983364013243,0.011580917142985744,0.01560675659578387,0.005163128337751436
dem_plan_curvature_mean,138582,-0.00023066080482025673,-0.0006871658733949857,4.3757011281559245e-05,-0.00040964965390412545,0.012026517180287901,0.006735294441542402,-0.007021840618552418,-0.007941762580972718,0.006716819351812156,0.00653923352744416,0.3353551567116761,0.7445520528152638,0.0032427641678003456,0.01165678929572599,0.0006726635357866103
dem_plan_curvature_median,138582,-0.0024865554478424442,-0.0010008140701774058,-0.002285594935528934,-0.0006584134825970978,0.005165335182024286,0.0024917085721069643,-0.006190116144716739,-0.0030284316278994085,0.0011288045207038537,0.0009707795339636509,0.359691317690996,0.4531438534689445,0.0026010006470702837,0.005083099962141069,0.0017116188213776064
dem_plan_curvature_std,138582,0.06683250756775698,0.06509609513554232,0.05790620282325275,0.05148392412946569,0.19713811309832058,0.07480550241149608,0.03368313250671312,0.027557808522200918,0.09816670510912809,0.10957130893617364,0.02903450473588015,0.4544302750855904,0.03352316036045813,0.20882042373025725,0.008013183631685942
dem_plan_curvature_min,138582,-0.5295268669163355,-0.5832750391449842,-0.3196229189634323,-0.33621156215667725,4.1445805382456635,1.3870805524197547,-0.9999998807907104,-1.1731293559074403,-0.10581708848476408,-0.10794696509838099,0.013957808678219209,0.45396568900691525,0.49672431640253545,4.35246435824268,0.07605347842160119
dem_plan_curvature_max,138582,0.5229699659845319,0.6093899237888395,0.33224955201148987,0.3336455076932907,0.9693662094758722,1.2810828116964112,0.12751176953315735,0.1022184059023857,0.9669477880001068,1.2540961265563968,0.1045077977222215,0.5330688900296461,0.47418532504381183,1.5260238652263394,0.1096274778024045
dem_twi_mean,138655,5.2478735660248175,5.406181954861342,4.916507664871216,5.22467371673584,1.0975343397632578,0.7505198757419541,4.303695121383667,4.681158364105224,6.622486567611695,6.4095713580322276,0.748414463668657,0.847537524213379,0.4721054872011011,0.7483002957222795,0.3276096082810129
dem_twi_median,138655,4.8975100993439495,5.175581406820505,4.521632194519043,4.964258193969727,1.128253516938842,0.7998172529270341,3.9885828495025635,4.492770862579346,6.334968757629395,6.129835319519044,0.6771212708937709,0.7954647403925037,0.5835915621314596,0.8763123784897966,0.41925924088426947
dem_twi_std,138655,1.6176343746141446,1.4216270735626946,1.5927462546735995,1.3985791751742733,0.41908935478237236,0.33033020590978535,1.1005382179884597,1.0106424978277897,2.18279814938606,1.8633382779447665,0.7418756006970895,0.7856831308113887,0.2554827771381197,0.3431696870638603,0.19867942223254176
dem_twi_min,138655,2.8198428052605125,2.8960120076317444,2.6225292682647705,2.8130431175231934,0.814670080520449,0.4693377194759386,2.2836700439453126,2.464140510559082,3.328197145462036,3.3493649482727053,0.7432794090192656,0.7484727879950867,0.3256986189673506,0.5668978693799092,0.23795468329583724
dem_twi_max,138655,11.874558242362678,11.31400314367302,11.73900318145752,11.332138061523438,2.287559089554036,1.7721281393610082,9.057790184020996,8.966647338867187,14.969709205627442,13.604323387145996,0.7539367092877374,0.778909634916285,1.1083988183661788,1.6046486714473827,0.58961317262632
dem_roughness_mean,138658,9.856776496216332,8.659554984854235,9.997211328125,8.531573474121094,4.767357525146304,3.8712282858091114,3.1395972094726567,3.4958733306977154,16.006763999023438,13.783160199890137,0.9113541517894117,0.9086774086454715,1.779046721819978,2.3469978821454403,1.3276545440445073
dem_roughness_median,138658,9.59132738447428,8.416035383853702,9.78741455078125,8.308822631835938,5.0356888556447865,4.178283541816844,2.2494577407836918,2.502029800415039,16.14228210449219,13.973501586914063,0.9007770114176981,0.9029960963228204,1.8413841766827617,2.508358997262295,1.288405886280789
dem_roughness_std,138658,3.7322194683286316,3.37955173643614,3.7248352461409215,3.244711769348468,1.570894342444445,1.3601010940543639,1.882724062062739,1.903457218485633,5.516112880297676,5.0448692382917075,0.7953017557617743,0.7620774610782127,0.7878584153744765,1.0215256588270096,0.43096399027923554
dem_roughness_min,138658,2.1583987595587866,1.6824298989926163,1.660491943359375,1.2828216552734375,1.8952185145566203,1.5919229448148977,0.2726043701171875,0.14245872497558593,4.699252319335939,3.7118286132812504,0.7683908915129333,0.7599204782754277,0.8362634924909591,1.3099936259160576,0.47596886056617066
dem_roughness_max,138658,20.81457119463094,18.18998883139567,21.27722454071045,18.217872619628906,8.054742453967004,6.053075917596377,10.9484375,11.021506690979004,29.85301971435547,25.532575988769533,0.7907845937013461,0.7707721968127665,4.386395845040897,5.5942917901861655,3.004976997796156
