variable,used_in_matching_cost,used_in_hard_caliper,used_in_common_support,original_Hiroshima_source,common_source,requires_recomputation
dem_elevation_mean,True,True,True,GSI-led 10 m composite DEM,COP-DEM_GLO-30-DGED/2024_1,True
dem_elevation_median,False,True,True,GSI-led 10 m composite DEM,COP-DEM_GLO-30-DGED/2024_1,True
dem_elevation_std,False,True,True,GSI-led 10 m composite DEM,COP-DEM_GLO-30-DGED/2024_1,True
dem_elevation_min,False,True,True,GSI-led 10 m composite DEM,COP-DEM_GLO-30-DGED/2024_1,True
dem_elevation_max,False,True,True,GSI-led 10 m composite DEM,COP-DEM_GLO-30-DGED/2024_1,True
dem_slope_mean,True,True,True,GSI-led 10 m composite DEM,COP-DEM_GLO-30-DGED/2024_1,True
dem_slope_median,False,True,True,GSI-led 10 m composite DEM,COP-DEM_GLO-30-DGED/2024_1,True
dem_slope_std,False,True,True,GSI-led 10 m composite DEM,COP-DEM_GLO-30-DGED/2024_1,True
dem_slope_min,False,True,True,GSI-led 10 m composite DEM,COP-DEM_GLO-30-DGED/2024_1,True
dem_slope_max,False,True,True,GSI-led 10 m composite DEM,COP-DEM_GLO-30-DGED/2024_1,True
dem_aspect_sin_mean,False,False,False,GSI-led 10 m composite DEM,COP-DEM_GLO-30-DGED/2024_1,False
dem_aspect_sin_median,False,False,False,GSI-led 10 m composite DEM,COP-DEM_GLO-30-DGED/2024_1,False
dem_aspect_sin_std,False,False,False,GSI-led 10 m composite DEM,COP-DEM_GLO-30-DGED/2024_1,False
dem_aspect_sin_min,False,False,False,GSI-led 10 m composite DEM,COP-DEM_GLO-30-DGED/2024_1,False
dem_aspect_sin_max,False,False,False,GSI-led 10 m composite DEM,COP-DEM_GLO-30-DGED/2024_1,False
dem_aspect_cos_mean,False,False,False,GSI-led 10 m composite DEM,COP-DEM_GLO-30-DGED/2024_1,False
dem_aspect_cos_median,False,False,False,GSI-led 10 m composite DEM,COP-DEM_GLO-30-DGED/2024_1,False
dem_aspect_cos_std,False,False,False,GSI-led 10 m composite DEM,COP-DEM_GLO-30-DGED/2024_1,False
dem_aspect_cos_min,False,False,False,GSI-led 10 m composite DEM,COP-DEM_GLO-30-DGED/2024_1,False
dem_aspect_cos_max,False,False,False,GSI-led 10 m composite DEM,COP-DEM_GLO-30-DGED/2024_1,False
dem_profile_curvature_mean,True,False,False,GSI-led 10 m composite DEM,COP-DEM_GLO-30-DGED/2024_1,True
dem_profile_curvature_median,False,False,False,GSI-led 10 m composite DEM,COP-DEM_GLO-30-DGED/2024_1,False
dem_profile_curvature_std,False,False,False,GSI-led 10 m composite DEM,COP-DEM_GLO-30-DGED/2024_1,False
dem_profile_curvature_min,False,False,False,GSI-led 10 m composite DEM,COP-DEM_GLO-30-DGED/2024_1,False
dem_profile_curvature_max,False,False,False,GSI-led 10 m composite DEM,COP-DEM_GLO-30-DGED/2024_1,False
dem_plan_curvature_mean,True,False,False,GSI-led 10 m composite DEM,COP-DEM_GLO-30-DGED/2024_1,True
dem_plan_curvature_median,False,False,False,GSI-led 10 m composite DEM,COP-DEM_GLO-30-DGED/2024_1,False
dem_plan_curvature_std,False,False,False,GSI-led 10 m composite DEM,COP-DEM_GLO-30-DGED/2024_1,False
dem_plan_curvature_min,False,False,False,GSI-led 10 m composite DEM,COP-DEM_GLO-30-DGED/2024_1,False
dem_plan_curvature_max,False,False,False,GSI-led 10 m composite DEM,COP-DEM_GLO-30-DGED/2024_1,False
dem_twi_mean,True,False,False,GSI-led 10 m composite DEM,COP-DEM_GLO-30-DGED/2024_1,True
dem_twi_median,False,False,False,GSI-led 10 m composite DEM,COP-DEM_GLO-30-DGED/2024_1,False
dem_twi_std,False,False,False,GSI-led 10 m composite DEM,COP-DEM_GLO-30-DGED/2024_1,False
dem_twi_min,False,False,False,GSI-led 10 m composite DEM,COP-DEM_GLO-30-DGED/2024_1,False
dem_twi_max,False,False,False,GSI-led 10 m composite DEM,COP-DEM_GLO-30-DGED/2024_1,False
dem_roughness_mean,False,False,False,GSI-led 10 m composite DEM,COP-DEM_GLO-30-DGED/2024_1,False
dem_roughness_median,False,False,False,GSI-led 10 m composite DEM,COP-DEM_GLO-30-DGED/2024_1,False
dem_roughness_std,False,False,False,GSI-led 10 m composite DEM,COP-DEM_GLO-30-DGED/2024_1,False
dem_roughness_min,False,False,False,GSI-led 10 m composite DEM,COP-DEM_GLO-30-DGED/2024_1,False
dem_roughness_max,False,False,False,GSI-led 10 m composite DEM,COP-DEM_GLO-30-DGED/2024_1,False
