backbone,metric,RAW_OOF,MSRR_OOF,OBSERVED_DELTA,BOOTSTRAP_MEAN_DELTA,BOOTSTRAP_MEDIAN_DELTA,CI95_LOW,CI95_HIGH,P_DELTA_GT_0,TWO_SIDED_BOOTSTRAP_P,STATISTICALLY_SUPPORTED,B,SEED
ElasticNet-Logistic,AUROC,0.6371939460009914,0.8427022021085363,0.20550825610754486,0.20549519848229889,0.2054889314049732,0.19860687867091115,0.21239167213287133,1.0,0.00019998000199980003,True,10000,20260829
ElasticNet-Logistic,AUPRC,0.467294531997702,0.723677737770495,0.25638320577279305,0.2562183853947066,0.25623866209297563,0.24466192563486536,0.26760734787992113,1.0,0.00019998000199980003,True,10000,20260829
ElasticNet-Logistic,StrictPair,0.5083069620253164,0.6932357594936709,0.18492879746835444,0.18485959256329115,0.1847310126582279,0.17068829113924056,0.19897151898734172,1.0,0.00019998000199980003,True,10000,20260829
ElasticNet-Logistic,Edge,0.6601068037974683,0.8026107594936709,0.14250395569620256,0.14244918908227852,0.14240506329113933,0.13241693037974678,0.15268987341772156,1.0,0.00019998000199980003,True,10000,20260829
MLP,AUROC,0.6374460375284159,0.8650901047508411,0.22764406722242525,0.22765145860527441,0.22764195480554494,0.22022037368576375,0.23507607375519185,1.0,0.00019998000199980003,True,10000,20260829
MLP,AUPRC,0.47955596297728786,0.7705656883118209,0.29100972533453306,0.2907473179913548,0.2908224249853739,0.279390594083922,0.3018231891914368,1.0,0.00019998000199980003,True,10000,20260829
MLP,StrictPair,0.5361946202531646,0.729628164556962,0.19343354430379744,0.19347450553797468,0.19343354430379756,0.17820411392405056,0.20846518987341778,1.0,0.00019998000199980003,True,10000,20260829
MLP,Edge,0.6825553797468354,0.8300039556962026,0.1474485759493671,0.14746466574367087,0.14754746835443033,0.136570411392405,0.1583267405063291,1.0,0.00019998000199980003,True,10000,20260829
HistGradientBoosting,AUROC,0.6614055881093776,0.875920837725074,0.21451524961569646,0.2144725176089506,0.21446925565001107,0.20665441781086635,0.2221561773563306,1.0,0.00019998000199980003,True,10000,20260829
HistGradientBoosting,AUPRC,0.47637603896070424,0.7848259264220583,0.30844988746135404,0.30813403733210126,0.3082769614609142,0.29597383587478593,0.32001822969058297,1.0,0.00019998000199980003,True,10000,20260829
HistGradientBoosting,StrictPair,0.5399525316455697,0.7448575949367089,0.20490506329113922,0.20491038370253165,0.20490506329113922,0.188884493670886,0.22092563291139244,1.0,0.00019998000199980003,True,10000,20260829
HistGradientBoosting,Edge,0.6910601265822784,0.8405854430379747,0.14952531645569622,0.14951174841772152,0.1495253164556961,0.138251582278481,0.16089794303797467,1.0,0.00019998000199980003,True,10000,20260829
XGBoost,AUROC,0.6712840611574418,0.881482176130503,0.21019811497306118,0.2101562662920152,0.2101842277880147,0.20305249886985713,0.2173383852435005,1.0,0.00019998000199980003,True,10000,20260829
XGBoost,AUPRC,0.48941193167880825,0.7919079294572564,0.30249599777844816,0.3021832327796893,0.3022367865414236,0.2905037079074587,0.3135113517288406,1.0,0.00019998000199980003,True,10000,20260829
XGBoost,StrictPair,0.5597310126582279,0.7501977848101266,0.19046677215189867,0.19048706487341774,0.19046677215189878,0.1748368275316455,0.20609177215189878,1.0,0.00019998000199980003,True,10000,20260829
XGBoost,Edge,0.7090585443037974,0.8464200949367089,0.13736155063291144,0.1373567444620253,0.13736155063291133,0.12658227848101267,0.14824218749999998,1.0,0.00019998000199980003,True,10000,20260829
