human_fold,backbone,representation,selected_config,AUROC,AUPRC,StrictPair,Edge
1,HistGradientBoosting,RAW,H2,0.6618663543748734,0.4666420004626528,0.5242334322453017,0.6884272997032641
1,XGBoost,RAW,D6,0.681596405904976,0.48476029637466855,0.5667655786350149,0.7190900098911969
1,ElasticNet-Logistic,RAW,C=0.1,0.6670937198237783,0.5553806589631582,0.5934718100890207,0.7151335311572701
1,MLP,RAW,MLP_256_128_best_epoch=3,0.6343480859898192,0.5190698998743017,0.592482690405539,0.7314540059347181
1,HistGradientBoosting,MSRR,H3,0.892713778505676,0.8186917884370964,0.7537091988130564,0.8437190900098912
1,XGBoost,MSRR,D6,0.8947619704516392,0.8256423795030923,0.7675568743818002,0.8516320474777448
1,ElasticNet-Logistic,MSRR,C=0.1,0.868741078600283,0.7826905302975482,0.7329376854599406,0.8254203758654797
1,MLP,MSRR,MLP_256_128_best_epoch=29,0.895287837741324,0.826909881792314,0.7754698318496538,0.8590504451038575
2,HistGradientBoosting,RAW,H2,0.6731614945784304,0.48209516491382204,0.5667655786350149,0.7171117705242335
2,XGBoost,RAW,D4,0.6755577372933341,0.5075998373401311,0.5934718100890207,0.7329376854599406
2,ElasticNet-Logistic,RAW,C=1,0.6088207756224556,0.41501443579394787,0.4530168150346192,0.6201780415430267
2,MLP,RAW,MLP_256_128_best_epoch=37,0.6584939552166524,0.48909882845406155,0.5380811078140455,0.6933728981206726
2,HistGradientBoosting,MSRR,H1,0.8718385592312454,0.7692776520439127,0.7487636003956478,0.837784371909001
2,XGBoost,MSRR,D6,0.8871567064956107,0.7970159836801171,0.7556874381800198,0.847675568743818
2,ElasticNet-Logistic,MSRR,C=10,0.8190253404440373,0.6721471852001965,0.6666666666666666,0.7848664688427299
2,MLP,MSRR,MLP_256_128_best_epoch=18,0.8734058883439436,0.7791020269319862,0.7378832838773491,0.8392680514342236
3,HistGradientBoosting,RAW,H1,0.6299738484973892,0.4556089400445053,0.5084075173095944,0.6641938674579624
3,XGBoost,RAW,D4,0.654862291255145,0.4727716001345014,0.5459940652818991,0.7012858555885262
3,ElasticNet-Logistic,RAW,C=0.1,0.6067319818299399,0.4400594782452287,0.4411473788328388,0.6137487636003957
3,MLP,RAW,MLP_256_128_best_epoch=10,0.6022085447809017,0.4501479636212395,0.49258160237388726,0.6389713155291791
3,HistGradientBoosting,MSRR,H1,0.8660329843531247,0.7632995878781468,0.7368941641938674,0.837784371909001
3,XGBoost,MSRR,D6,0.8693398335422127,0.7628121419497197,0.7299703264094956,0.8367952522255193
3,ElasticNet-Logistic,MSRR,C=1,0.8395742774094261,0.7227181165339952,0.6894164193867458,0.804648862512364
3,MLP,MSRR,MLP_256_128_best_epoch=16,0.857118188551062,0.7509581627463489,0.7111770524233432,0.8199802176063303
4,HistGradientBoosting,RAW,H2,0.6905718598874301,0.5304275034016233,0.5588526211671613,0.7022749752720079
4,XGBoost,RAW,D6,0.6922316438073379,0.5313692046886762,0.5499505440158259,0.6983184965380811
4,ElasticNet-Logistic,RAW,C=10,0.6780576859295523,0.4902072629425594,0.5262116716122651,0.6810089020771514
4,MLP,RAW,MLP_256_128_best_epoch=39,0.6582454523485967,0.4926757922316725,0.52324431256182,0.6701285855588526
4,HistGradientBoosting,MSRR,H1,0.8873631399804915,0.8104124027532533,0.7566765578635015,0.8471810089020771
4,XGBoost,MSRR,D6,0.8882113761482252,0.8101659430180753,0.7586547972304649,0.8531157270029673
4,ElasticNet-Logistic,MSRR,C=0.1,0.8553361099126229,0.748880528068839,0.695351137487636,0.8001978239366964
4,MLP,MSRR,MLP_256_128_best_epoch=31,0.866612172140089,0.7662903820639511,0.7418397626112759,0.8343224530168151
5,HistGradientBoosting,RAW,H3,0.6622618498961084,0.4712384688974698,0.541501976284585,0.683300395256917
5,XGBoost,RAW,D8,0.6688659016700775,0.476827278309939,0.5424901185770751,0.6936758893280632
5,ElasticNet-Logistic,RAW,C=1,0.6481642229998906,0.44179384779892145,0.5276679841897233,0.6704545454545454
5,MLP,RAW,MLP_256_128_best_epoch=30,0.6548551766157884,0.4877649044180171,0.5345849802371542,0.6788537549407114
5,HistGradientBoosting,MSRR,H2,0.8663205564842443,0.7555011231449306,0.7282608695652174,0.8364624505928854
5,XGBoost,MSRR,D6,0.8672349786748739,0.7523093172305728,0.7391304347826086,0.8428853754940712
5,ElasticNet-Logistic,MSRR,C=1,0.8323351013138778,0.6934176190560577,0.6818181818181818,0.7979249011857708
5,MLP,MSRR,MLP_256_128_best_epoch=18,0.8312927674233311,0.7241834027319423,0.6818181818181818,0.7974308300395256
