field,feature,statistic,data_type,unit,default_model_field,missing_value,description
elevation_mean,elevation,mean,float64,m,YES,NA,Native 10 m values aggregated by pixel-center membership
elevation_median,elevation,median,float64,m,NO,NA,Native 10 m values aggregated by pixel-center membership
elevation_std,elevation,std,float64,m,NO,NA,Native 10 m values aggregated by pixel-center membership
elevation_min,elevation,min,float64,m,NO,NA,Native 10 m values aggregated by pixel-center membership
elevation_max,elevation,max,float64,m,NO,NA,Native 10 m values aggregated by pixel-center membership
elevation_valid_pixel_count,elevation,valid_pixel_count,int32,pixel,NO,NA,Native 10 m values aggregated by pixel-center membership
elevation_valid_fraction,elevation,valid_fraction,float64,fraction,NO,NA,Native 10 m values aggregated by pixel-center membership
slope_mean,slope,mean,float64,degree,YES,NA,Native 10 m values aggregated by pixel-center membership
slope_median,slope,median,float64,degree,NO,NA,Native 10 m values aggregated by pixel-center membership
slope_std,slope,std,float64,degree,NO,NA,Native 10 m values aggregated by pixel-center membership
slope_min,slope,min,float64,degree,NO,NA,Native 10 m values aggregated by pixel-center membership
slope_max,slope,max,float64,degree,NO,NA,Native 10 m values aggregated by pixel-center membership
slope_valid_pixel_count,slope,valid_pixel_count,int32,pixel,NO,NA,Native 10 m values aggregated by pixel-center membership
slope_valid_fraction,slope,valid_fraction,float64,fraction,NO,NA,Native 10 m values aggregated by pixel-center membership
aspect_sin_mean,aspect_sin,mean,float64,unitless,YES,NA,Native 10 m values aggregated by pixel-center membership
aspect_sin_median,aspect_sin,median,float64,unitless,NO,NA,Native 10 m values aggregated by pixel-center membership
aspect_sin_std,aspect_sin,std,float64,unitless,NO,NA,Native 10 m values aggregated by pixel-center membership
aspect_sin_min,aspect_sin,min,float64,unitless,NO,NA,Native 10 m values aggregated by pixel-center membership
aspect_sin_max,aspect_sin,max,float64,unitless,NO,NA,Native 10 m values aggregated by pixel-center membership
aspect_sin_valid_pixel_count,aspect_sin,valid_pixel_count,int32,pixel,NO,NA,Native 10 m values aggregated by pixel-center membership
aspect_sin_valid_fraction,aspect_sin,valid_fraction,float64,fraction,NO,NA,Native 10 m values aggregated by pixel-center membership
aspect_cos_mean,aspect_cos,mean,float64,unitless,YES,NA,Native 10 m values aggregated by pixel-center membership
aspect_cos_median,aspect_cos,median,float64,unitless,NO,NA,Native 10 m values aggregated by pixel-center membership
aspect_cos_std,aspect_cos,std,float64,unitless,NO,NA,Native 10 m values aggregated by pixel-center membership
aspect_cos_min,aspect_cos,min,float64,unitless,NO,NA,Native 10 m values aggregated by pixel-center membership
aspect_cos_max,aspect_cos,max,float64,unitless,NO,NA,Native 10 m values aggregated by pixel-center membership
aspect_cos_valid_pixel_count,aspect_cos,valid_pixel_count,int32,pixel,NO,NA,Native 10 m values aggregated by pixel-center membership
aspect_cos_valid_fraction,aspect_cos,valid_fraction,float64,fraction,NO,NA,Native 10 m values aggregated by pixel-center membership
profile_curvature_mean,profile_curvature,mean,float64,1/m,YES,NA,Native 10 m values aggregated by pixel-center membership
profile_curvature_median,profile_curvature,median,float64,1/m,NO,NA,Native 10 m values aggregated by pixel-center membership
profile_curvature_std,profile_curvature,std,float64,1/m,NO,NA,Native 10 m values aggregated by pixel-center membership
profile_curvature_min,profile_curvature,min,float64,1/m,NO,NA,Native 10 m values aggregated by pixel-center membership
profile_curvature_max,profile_curvature,max,float64,1/m,NO,NA,Native 10 m values aggregated by pixel-center membership
profile_curvature_valid_pixel_count,profile_curvature,valid_pixel_count,int32,pixel,NO,NA,Native 10 m values aggregated by pixel-center membership
profile_curvature_valid_fraction,profile_curvature,valid_fraction,float64,fraction,NO,NA,Native 10 m values aggregated by pixel-center membership
plan_curvature_mean,plan_curvature,mean,float64,1/m,YES,NA,Native 10 m values aggregated by pixel-center membership
plan_curvature_median,plan_curvature,median,float64,1/m,NO,NA,Native 10 m values aggregated by pixel-center membership
plan_curvature_std,plan_curvature,std,float64,1/m,NO,NA,Native 10 m values aggregated by pixel-center membership
plan_curvature_min,plan_curvature,min,float64,1/m,NO,NA,Native 10 m values aggregated by pixel-center membership
plan_curvature_max,plan_curvature,max,float64,1/m,NO,NA,Native 10 m values aggregated by pixel-center membership
plan_curvature_valid_pixel_count,plan_curvature,valid_pixel_count,int32,pixel,NO,NA,Native 10 m values aggregated by pixel-center membership
plan_curvature_valid_fraction,plan_curvature,valid_fraction,float64,fraction,NO,NA,Native 10 m values aggregated by pixel-center membership
TWI_mean,TWI,mean,float64,unitless_log_ratio,YES,NA,Native 10 m values aggregated by pixel-center membership
TWI_median,TWI,median,float64,unitless_log_ratio,NO,NA,Native 10 m values aggregated by pixel-center membership
TWI_std,TWI,std,float64,unitless_log_ratio,NO,NA,Native 10 m values aggregated by pixel-center membership
TWI_min,TWI,min,float64,unitless_log_ratio,NO,NA,Native 10 m values aggregated by pixel-center membership
TWI_max,TWI,max,float64,unitless_log_ratio,NO,NA,Native 10 m values aggregated by pixel-center membership
TWI_valid_pixel_count,TWI,valid_pixel_count,int32,pixel,NO,NA,Native 10 m values aggregated by pixel-center membership
TWI_valid_fraction,TWI,valid_fraction,float64,fraction,NO,NA,Native 10 m values aggregated by pixel-center membership
roughness_mean,roughness,mean,float64,m,YES,NA,Native 10 m values aggregated by pixel-center membership
roughness_median,roughness,median,float64,m,NO,NA,Native 10 m values aggregated by pixel-center membership
roughness_std,roughness,std,float64,m,NO,NA,Native 10 m values aggregated by pixel-center membership
roughness_min,roughness,min,float64,m,NO,NA,Native 10 m values aggregated by pixel-center membership
roughness_max,roughness,max,float64,m,NO,NA,Native 10 m values aggregated by pixel-center membership
roughness_valid_pixel_count,roughness,valid_pixel_count,int32,pixel,NO,NA,Native 10 m values aggregated by pixel-center membership
roughness_valid_fraction,roughness,valid_fraction,float64,fraction,NO,NA,Native 10 m values aggregated by pixel-center membership
aspect_vector_length,aspect,resultant_length,float64,unitless,NO,NA,sqrt(aspect_sin_mean^2+aspect_cos_mean^2)
aspect_direction_determinate,aspect,quality_flag,string,flag,NO,NA,YES only when resultant length >= 0.1
