human_fold,variant,n_train,n_validation,n_test,feature_dim
1,A0_RAW,9102,3033,3033,792
1,A1_RAW_PLUS_SIGNED,9102,3033,3033,1584
1,A2_RAW_PLUS_ABSDEV,9102,3033,3033,1584
1,A3_FULL_REL_NO_SUMMARY,9102,3033,3033,2376
1,A4_STATIC_REL_ONLY,9102,3033,3033,976
1,A5_RAIN_REL_ONLY,9102,3033,3033,2262
1,A6_FULL_MSRR,9102,3033,3033,2446
2,A0_RAW,9102,3033,3033,792
2,A1_RAW_PLUS_SIGNED,9102,3033,3033,1584
2,A2_RAW_PLUS_ABSDEV,9102,3033,3033,1584
2,A3_FULL_REL_NO_SUMMARY,9102,3033,3033,2376
2,A4_STATIC_REL_ONLY,9102,3033,3033,976
2,A5_RAIN_REL_ONLY,9102,3033,3033,2262
2,A6_FULL_MSRR,9102,3033,3033,2446
3,A0_RAW,9102,3033,3033,792
3,A1_RAW_PLUS_SIGNED,9102,3033,3033,1584
3,A2_RAW_PLUS_ABSDEV,9102,3033,3033,1584
3,A3_FULL_REL_NO_SUMMARY,9102,3033,3033,2376
3,A4_STATIC_REL_ONLY,9102,3033,3033,976
3,A5_RAIN_REL_ONLY,9102,3033,3033,2262
3,A6_FULL_MSRR,9102,3033,3033,2446
4,A0_RAW,9099,3036,3033,792
4,A1_RAW_PLUS_SIGNED,9099,3036,3033,1584
4,A2_RAW_PLUS_ABSDEV,9099,3036,3033,1584
4,A3_FULL_REL_NO_SUMMARY,9099,3036,3033,2376
4,A4_STATIC_REL_ONLY,9099,3036,3033,976
4,A5_RAIN_REL_ONLY,9099,3036,3033,2262
4,A6_FULL_MSRR,9099,3036,3033,2446
5,A0_RAW,9099,3033,3036,792
5,A1_RAW_PLUS_SIGNED,9099,3033,3036,1584
5,A2_RAW_PLUS_ABSDEV,9099,3033,3036,1584
5,A3_FULL_REL_NO_SUMMARY,9099,3033,3036,2376
5,A4_STATIC_REL_ONLY,9099,3033,3036,976
5,A5_RAIN_REL_ONLY,9099,3033,3036,2262
5,A6_FULL_MSRR,9099,3033,3036,2446
