human_fold,variant,selected_config,feature_dim,AUROC,AUPRC,StrictPair,Edge
1,A0_RAW,D8,792,0.6836612299326597,0.48147428447426355,0.5657764589515332,0.7225519287833828
1,A1_RAW_PLUS_SIGNED,D6,1584,0.8967382531031062,0.824806033049772,0.76162215628091,0.8511374876360039
1,A2_RAW_PLUS_ABSDEV,D8,1584,0.8505499838081793,0.7517393437058671,0.7537091988130564,0.8536102868447082
1,A3_FULL_REL_NO_SUMMARY,D6,2376,0.8962060264880576,0.8256200683224559,0.7537091988130564,0.8471810089020771
1,A4_STATIC_REL_ONLY,D8,976,0.8524426168721707,0.7566446637339783,0.7359050445103857,0.8318496538081108
1,A5_RAIN_REL_ONLY,D8,2262,0.8082766130428785,0.7023124704620123,0.6271018793273986,0.7606330365974283
1,A6_FULL_MSRR,D6,2446,0.8947619704516392,0.8256423795030923,0.7675568743818002,0.8516320474777448
2,A0_RAW,D6,792,0.6936321629239592,0.5164926086989701,0.5885262116716122,0.7359050445103857
2,A1_RAW_PLUS_SIGNED,D6,1584,0.8895355833604827,0.8015644139498941,0.7596439169139466,0.8506429277942631
2,A2_RAW_PLUS_ABSDEV,D6,1584,0.8154621615249076,0.6942632043309249,0.7101879327398615,0.814540059347181
2,A3_FULL_REL_NO_SUMMARY,D8,2376,0.8867301425173733,0.797391916705044,0.7537091988130564,0.8437190900098912
2,A4_STATIC_REL_ONLY,D6,976,0.8521892222153736,0.7364969352054679,0.7368941641938674,0.8387734915924827
2,A5_RAIN_REL_ONLY,D6,2262,0.8087237225338291,0.6925174605578912,0.675568743818002,0.7937685459940653
2,A6_FULL_MSRR,D6,2446,0.8871567064956107,0.7970159836801171,0.7556874381800198,0.847675568743818
3,A0_RAW,D4,792,0.6504988156979458,0.4678816263232666,0.5450049455984174,0.6958456973293768
3,A1_RAW_PLUS_SIGNED,D6,1584,0.8671840222439419,0.7574066837985773,0.7190900098911969,0.8283877349159249
3,A2_RAW_PLUS_ABSDEV,D8,1584,0.8100308084854925,0.6827793068575889,0.7378832838773491,0.8288822947576657
3,A3_FULL_REL_NO_SUMMARY,D8,2376,0.8682758694909898,0.759712681930259,0.7309594460929772,0.8353115727002968
3,A4_STATIC_REL_ONLY,D8,976,0.8119801862988825,0.6782369246524126,0.6805143422354105,0.8006923837784372
3,A5_RAIN_REL_ONLY,D6,2262,0.7762955657891776,0.6413968173405888,0.6221562809099901,0.7561819980217607
3,A6_FULL_MSRR,D6,2446,0.8693398335422127,0.7628121419497197,0.7299703264094956,0.8367952522255193
4,A0_RAW,D6,792,0.6919523226702122,0.5258780894761327,0.5489614243323442,0.6973293768545994
4,A1_RAW_PLUS_SIGNED,D8,1584,0.8889510146059028,0.8097700579851778,0.7487636003956478,0.8452027695351138
4,A2_RAW_PLUS_ABSDEV,D8,1584,0.847348308077028,0.7539378997515622,0.7418397626112759,0.8283877349159249
4,A3_FULL_REL_NO_SUMMARY,D8,2376,0.8884275932105885,0.8100208411578174,0.7497527200791295,0.8471810089020771
4,A4_STATIC_REL_ONLY,D8,976,0.8649558124723002,0.7630640069445593,0.7250247279920871,0.8308605341246291
4,A5_RAIN_REL_ONLY,D8,2262,0.805795497793314,0.7001464282048783,0.6142433234421365,0.7507418397626113
4,A6_FULL_MSRR,D6,2446,0.8882113761482252,0.8101659430180753,0.7586547972304649,0.8531157270029673
5,A0_RAW,D8,792,0.6683649955475011,0.48095981783749553,0.5573122529644269,0.6976284584980237
5,A1_RAW_PLUS_SIGNED,D6,1584,0.8693318517708447,0.7584725548392872,0.7361660079051383,0.8399209486166008
5,A2_RAW_PLUS_ABSDEV,D8,1584,0.7825547481604149,0.6261458551779899,0.674901185770751,0.7934782608695652
5,A3_FULL_REL_NO_SUMMARY,D8,2376,0.8696325907294286,0.7553674157502815,0.7351778656126482,0.8409090909090909
5,A4_STATIC_REL_ONLY,D8,976,0.8527663102063773,0.7397369830680656,0.7262845849802372,0.8310276679841897
5,A5_RAIN_REL_ONLY,D6,2262,0.7554118366167257,0.6053225415101999,0.599802371541502,0.7361660079051383
5,A6_FULL_MSRR,D6,2446,0.8672349786748739,0.7523093172305728,0.7391304347826086,0.8428853754940712
