comparison,new_variant,base_variant,metric_win_count,delta_AUROC,fold_wins_AUROC_out_of_5,delta_AUPRC,fold_wins_AUPRC_out_of_5,delta_StrictPair,fold_wins_StrictPair_out_of_5,delta_Edge,fold_wins_Edge_out_of_5
FULL_MSRR_vs_RAW,A6_FULL_MSRR,A0_RAW,4,0.20540749577829576,5,0.3007050923046219,5,0.18908227848101267,5,0.1365704113924051,5
SIGNED_ONLY_vs_RAW,A1_RAW_PLUS_SIGNED,A0_RAW,4,0.20646772367834676,5,0.3014151176671181,5,0.18393987341772156,5,0.13320806962025322,5
ABSDEV_ONLY_vs_RAW,A2_RAW_PLUS_ABSDEV,A0_RAW,4,0.14467014140988022,5,0.21267185651744874,5,0.16257911392405067,5,0.11392405063291144,5
ADD_SIGNED_GIVEN_ABSDEV,A3_FULL_REL_NO_SUMMARY,A2_RAW_PLUS_ABSDEV,4,0.060948723192647436,5,0.08749548433270393,5,0.020965189873417778,3,0.01908623417721511,4
ADD_ABSDEV_GIVEN_SIGNED,A3_FULL_REL_NO_SUMMARY,A1_RAW_PLUS_SIGNED,0,-0.0008488590758191084,2,-0.001247776816965418,3,-0.00039556962025311115,2,-0.0001977848101266666,3
STATIC_REL_vs_RAW,A4_STATIC_REL_ONLY,A0_RAW,4,0.16957034340387656,5,0.24256141248337965,5,0.15981012658227856,5,0.11679193037974689,5
RAIN_REL_vs_RAW,A5_RAIN_REL_ONLY,A0_RAW,4,0.11496369224808711,5,0.17921600803692467,5,0.06665348101265822,5,0.04964398734177222,5
FULL_vs_STATIC_ONLY,A6_FULL_MSRR,A4_STATIC_REL_ONLY,4,0.0358371523744192,5,0.058143679821242245,5,0.02927215189873411,5,0.019778481012658222,5
FULL_vs_RAIN_ONLY,A6_FULL_MSRR,A5_RAIN_REL_ONLY,4,0.09044380353020864,5,0.12148908426769722,5,0.12242879746835444,5,0.08692642405063289,5
SUMMARY_INCREMENT,A6_FULL_MSRR,A3_FULL_REL_NO_SUMMARY,3,-0.00021136882423189451,2,0.0005377514544692152,3,0.005537974683544222,4,0.0035601265822785555,5
