backbone,metric,RAW_EXTERNAL,MSRR_EXTERNAL,OBSERVED_DELTA,BOOTSTRAP_MEAN_DELTA,BOOTSTRAP_MEDIAN_DELTA,CI95_LOW,CI95_HIGH,P_DELTA_GT_0,TWO_SIDED_BOOTSTRAP_P,CI95_LOW_GT_0
ElasticNet-Logistic,AUROC,0.475510625024451,0.5211986143945364,0.04568798937008539,0.04582309810211034,0.04577575113592547,0.03390462531576766,0.05796932721917642,1.0,0.00019998000199980003,True
ElasticNet-Logistic,AUPRC,0.3092403409379311,0.346697949671274,0.03745760873334286,0.03773712836956999,0.0376460786386838,0.027604558867528307,0.048258913880686795,1.0,0.00019998000199980003,True
ElasticNet-Logistic,StrictPair,0.31796690307328607,0.42671394799054374,0.10874704491725767,0.10873628841607565,0.10874704491725767,0.08510638297872342,0.13297872340425532,1.0,0.00019998000199980003,True
ElasticNet-Logistic,Edge,0.4858156028368794,0.5883569739952719,0.10254137115839246,0.10254317375886526,0.10254137115839246,0.08451536643026003,0.12056737588652483,1.0,0.00019998000199980003,True
MLP,AUROC,0.45002941110719896,0.6228044713266155,0.17277506021941658,0.1728525468551772,0.1728014324117388,0.15879552346880607,0.18703017764727903,1.0,0.00019998000199980003,True
MLP,AUPRC,0.30032242852300645,0.40919837442008355,0.10887594589707711,0.10924045040133405,0.1092052518249218,0.09565724821589763,0.12380021919468095,1.0,0.00019998000199980003,True
MLP,StrictPair,0.2801418439716312,0.4787234042553192,0.19858156028368795,0.19864822695035458,0.19858156028368795,0.17198581560283688,0.22517730496453903,1.0,0.00019998000199980003,True
MLP,Edge,0.44208037825059104,0.6365248226950354,0.19444444444444436,0.19448197399527184,0.1947399527186761,0.1734633569739953,0.21542553191489366,1.0,0.00019998000199980003,True
HistGradientBoosting,AUROC,0.527610637459551,0.5592740346729708,0.03166339721341982,0.03163337355529288,0.03171413311984084,0.013072852919314351,0.04995879126636813,0.9996,0.000999900009999,True
HistGradientBoosting,AUPRC,0.3469589323249039,0.380301062885538,0.03334213056063412,0.0332560166296613,0.033138462014811326,0.016052940430777835,0.05069297017487246,1.0,0.00019998000199980003,True
HistGradientBoosting,StrictPair,0.34515366430260047,0.4083924349881797,0.0632387706855792,0.06310070921985816,0.0632387706855792,0.03368794326241131,0.09338061465721037,1.0,0.00019998000199980003,True
HistGradientBoosting,Edge,0.5242316784869976,0.5812647754137116,0.05703309692671399,0.05695047281323878,0.05703309692671388,0.03309692671394804,0.08067375886524819,1.0,0.00019998000199980003,True
XGBoost,AUROC,0.5109685615523476,0.5886900320797634,0.07772147052741585,0.07770887799769742,0.07771998600003355,0.05990553952265974,0.09522593458857981,1.0,0.00019998000199980003,True
XGBoost,AUPRC,0.3347278473602975,0.3972833869106075,0.06255553955031001,0.06271683935431413,0.06265022697348832,0.04601706101875568,0.07940500869344845,1.0,0.00019998000199980003,True
XGBoost,StrictPair,0.35106382978723405,0.4444444444444444,0.09338061465721037,0.09335626477541371,0.09338061465721043,0.06501182033096925,0.12174940898345155,1.0,0.00019998000199980003,True
XGBoost,Edge,0.5203900709219859,0.6069739952718676,0.08658392434988171,0.08653117612293143,0.08658392434988171,0.06353427895981079,0.10992907801418439,1.0,0.00019998000199980003,True
